centract2020,comp2010,comp2011,comp2012,comp2013,comp2014,comp2015,comp2016,comp2017,comp2018,comp2019,comp2020,comp2021,comp2022
36081107202,0,0,0,0,0,0,0,0,0,0,0,0,0
36047066600,0,0,0,0,0,0,0,0,0,0,0,0,0
36047070203,0,0,0,0,0,0,0,0,0,0,0,0,0
36081071600,0,0,0,0,0,0,0,0,0,0,0,0,0
36005050400,0,0,0,0,0,0,0,0,0,0,0,0,0
36005051601,3,1,1,1,-1,2,14,4,10,12,4,1,3
36081010701,0,0,0,0,0,0,0,0,0,0,0,0,0
36085032300,-3,0,-1,0,0,0,0,0,-1,3,-2,1,-2
36085022602,28,19,4,-2,-1,-3,6,-3,-1,-3,4,22,9
36047070602,0,0,0,0,0,0,0,0,0,0,0,0,0
36081091602,0,0,0,0,0,0,0,0,0,0,0,0,0
36085015603,20,3,-1,7,9,0,-2,6,5,3,2,-4,5
36081097207,0,0,0,0,0,0,0,0,0,0,0,0,0
36047062800,1,0,-4,1,6,0,-17,-19,32,7,0,1,3
36085029102,-1,5,15,8,19,2,10,5,9,6,7,6,5
36047070202,0,0,0,0,0,0,0,0,0,0,0,0,0
36081094500,4,2,1,-3,0,2,-1,4,-3,3,-1,-1,4
36081094202,10,21,6,0,-10,-2,-1,1,0,1,0,2,16
36081033100,0,0,0,0,0,0,0,0,0,0,0,0,0
36081092900,0,10,1,-2,3,-1,-1,-3,4,196,10,2,2
36005027402,-1,0,1,0,0,0,1,1,0,0,3,0,0
36081066401,-1,5,-1,2,3,4,2,1,2,3,0,2,1
36081021900,0,0,0,0,0,0,0,0,0,0,0,0,0
36085022801,0,0,0,0,-1,0,0,0,0,-1,0,0,0
36061029900,0,0,0,0,0,0,0,0,0,0,0,0,0
36085990100,0,0,0,0,0,0,0,0,0,0,0,0,0
36085031902,9,14,-4,1,-2,18,2,1,-4,17,11,1,-1
36085031901,0,0,5,1,0,0,0,0,1,2,0,0,0
36085030302,0,0,0,3,2,0,-3,2,0,7,3,4,0
36085030301,0,0,0,0,0,1,0,0,0,0,1,0,7
36085029106,-1,0,0,0,0,0,0,0,0,-2,1,0,1
36085029105,0,2,4,0,0,2,-1,11,0,1,-1,6,8
36085029104,1,0,0,1,11,45,51,22,1,4,-2,0,0
36085027900,1,4,2,3,-2,0,1,5,2,4,7,3,2
36085027706,4,0,0,0,0,0,0,0,0,0,-4,0,0
36085027705,2,0,0,0,0,0,0,2,0,0,0,0,0
36085027704,13,5,18,13,2,2,2,1,0,0,8,0,-2
36085027702,0,0,0,-1,0,10,0,5,4,0,0,0,0
36085027302,0,0,-1,-1,-1,0,5,22,-1,2,3,-1,2
36085027301,1,-1,0,6,73,25,0,0,8,11,11,2,2
36085025100,1,-1,7,4,12,1,9,2,5,2,0,10,-3
36085024800,0,4,4,10,10,13,6,-1,-4,-2,7,11,14
36085024700,0,2,0,2,1,2,2,1,-2,4,-1,2,-1
36085024402,23,11,15,20,6,-2,17,12,21,0,15,8,8
36085024401,7,5,8,1,-3,-3,17,11,11,10,23,24,10
36085023900,1,6,2,7,3,1,0,1,2,0,0,6,0
36085023100,2,-1,2,3,16,4,5,4,13,7,10,4,4
36085022802,0,0,0,0,0,0,0,0,0,0,0,0,0
36085022601,-2,24,6,11,6,3,9,12,57,55,19,2,14
36085022300,1,13,0,3,2,6,6,1,1,7,3,7,-2
36085021300,0,2,5,3,-1,1,5,2,1,3,3,1,1
36085020806,10,4,18,8,-1,2,8,24,20,0,0,-1,0
36085020805,6,0,4,4,0,-4,4,2,-1,-2,0,13,8
36085020804,13,18,4,13,23,15,-1,1,21,-2,12,6,-3
36085020803,26,55,43,75,50,45,33,33,31,7,4,17,14
36085020702,2,4,0,-3,4,0,5,3,-2,-4,0,10,48
36085020701,1,1,1,0,5,-1,53,16,53,40,2,5,-2
36085020100,1,11,-1,0,0,0,-2,3,0,-1,0,4,-2
36085019800,28,7,29,9,27,6,11,22,4,21,15,31,42
36085019700,1,1,3,0,-1,0,0,1,0,1,0,0,0
36085018902,7,3,1,6,1,4,-1,0,0,0,0,1,0
36085018901,0,5,12,2,5,0,9,1,8,4,4,9,9
36085018704,0,1,1,0,0,0,1,0,1,0,0,13,0
36085018703,3,0,1,0,-1,-1,3,9,0,1,1,2,5
36085018701,0,-1,0,0,2,0,-1,1,2,1,8,-1,4
36085018100,5,1,3,8,3,0,16,7,160,-1,6,1,0
36085017702,0,0,0,0,-1,0,-1,-1,-1,-1,-1,3,11
36085017701,8,3,2,0,-2,-3,0,7,9,2,2,3,1
36085017600,5,3,15,4,-3,-5,26,17,26,27,8,3,4
36085017300,0,0,5,-1,-2,10,0,0,0,0,0,0,3
36085017016,0,-1,0,0,0,0,2,0,0,1,0,0,-1
36085017015,14,4,4,0,-2,2,5,6,-1,6,3,3,0
36085017014,6,1,0,0,0,4,3,6,6,5,5,10,12
36085017013,0,0,0,0,0,0,0,0,0,0,0,0,0
36085017012,0,1,0,10,1,5,5,6,1,-1,3,4,0
36085017011,2,6,1,11,-3,4,12,4,3,-2,19,4,6
36085017009,2,1,14,14,14,10,2,12,14,12,5,15,9
36085017007,-1,45,26,28,20,9,0,0,0,4,5,4,0
36085017005,0,5,9,18,36,30,14,3,16,26,18,1,1
36085016901,5,1,4,2,1,5,-1,1,0,8,2,0,0
36085015602,10,1,0,2,-2,2,0,-2,1,4,0,-1,0
36085015601,11,8,5,2,5,3,9,11,10,14,7,13,-1
36085015400,0,0,0,0,0,0,0,0,0,0,0,0,0
36085015100,0,0,-2,0,1,7,2,1,2,0,1,0,0
36085014700,0,0,-1,1,0,-1,0,0,0,0,2,-1,-1
36085014608,0,0,2,2,0,-1,1,1,3,4,0,-1,2
36085014607,1,0,0,0,-1,3,8,8,0,4,0,20,2
36085014606,0,2,1,0,2,-1,-1,0,1,2,11,1,0
36085014605,20,3,-2,3,0,1,0,6,0,5,0,0,-3
36085014604,9,7,3,1,5,5,3,4,3,-1,2,0,12
36085014100,0,0,4,0,0,1,0,2,0,6,-1,0,2
36085013800,0,2,-1,2,2,-1,-4,3,4,12,5,9,2
36085013400,4,1,11,1,1,-4,5,-1,0,13,10,11,8
36085013302,1,4,2,2,1,-1,1,-1,-4,0,-9,4,1
36085013301,0,0,0,0,0,0,0,0,0,0,0,0,0
36085013204,13,1,0,11,0,1,-1,1,-2,8,4,3,4
36085013203,5,4,2,12,7,3,-1,3,5,-1,0,3,17
36085013201,0,-1,1,3,4,-2,1,0,-1,0,1,2,-2
36085012806,0,-1,-33,4,-2,-2,2,1,1,3,7,1,0
36085012805,16,-2,2,-11,-49,-1,-1,1,1,0,11,0,2
36085012804,1,4,-4,-27,-2,0,3,14,17,6,4,-2,6
36085012500,0,1,0,0,1,-1,12,2,2,-1,0,1,0
36085012200,4,0,4,-2,2,2,6,-3,5,16,3,2,0
36085012100,1,-1,-1,1,0,0,5,-2,7,1,-1,0,0
36085011402,6,4,1,6,1,2,3,4,4,4,1,0,2
36085011401,2,4,1,1,-1,3,0,0,-1,0,1,5,-2
36085011204,0,0,0,0,0,0,0,0,0,0,0,0,0
36085011203,5,13,18,-4,-4,15,-9,-33,64,18,14,4,-5
36085011201,6,18,4,-18,-3,7,8,-11,23,11,2,5,-3
36085010500,0,5,4,5,-1,-3,3,-1,0,18,-1,2,4
36085009702,0,0,0,0,0,0,0,0,0,0,0,0,0
36085009701,55,3,1,80,0,0,0,7,2,10,0,0,0
36085009602,7,13,10,2,7,3,10,8,7,15,4,18,21
36085009601,2,0,2,0,4,7,-3,4,1,-3,2,3,-2
36085008100,6,60,6,10,7,2,0,1,0,-1,4,0,0
36085007700,2,0,0,0,0,3,8,2,5,-1,10,2,0
36085007500,2,0,-2,0,-1,-296,5,-1,1,3,3,4,0
36085007400,3,1,1,-2,-2,4,0,-2,10,16,11,-1,-1
36085007002,19,8,15,9,3,0,-4,-8,22,17,3,3,2
36085007001,10,6,-1,3,2,7,3,0,-2,0,3,1,7
36085006700,1,0,-2,1,0,-1,0,0,-1,0,-1,4,1
36085006400,4,0,5,2,2,0,1,1,2,3,1,4,-1
36085005902,0,0,0,0,0,0,0,0,0,0,0,0,0
36085005901,1,0,4,2,2,2,5,0,0,1,0,-1,0
36085005000,0,0,1,3,4,0,6,3,20,2,5,5,0
36085004700,113,3,0,0,1,0,0,-1,0,2,1,3,2
36085004004,0,3,2,0,0,5,11,6,-1,2,2,0,0
36085004003,0,0,0,5,0,0,0,0,0,0,0,0,1
36085004002,0,0,0,0,4,34,42,21,0,0,0,0,0
36085004001,1,2,0,1,0,2,0,-1,11,-1,4,0,0
36085003900,1,0,0,-1,0,0,0,1,2,18,0,0,0
36085003600,1,20,4,-1,5,14,-2,6,0,-1,-1,2,6
36085003300,0,6,-1,1,0,0,4,0,0,0,0,0,0
36085002900,114,2,6,3,-2,3,0,3,0,5,5,1,9
36085002700,-3,6,0,0,8,0,0,0,-46,0,4,0,0
36085002100,7,21,93,-8,0,1,572,66,-3,13,11,2,0
36085002002,-1,7,5,1,0,1,-2,6,4,2,4,0,2
36085002001,-1,0,7,3,0,0,4,0,1,0,4,13,2
36085001800,0,0,0,0,0,0,0,0,0,0,0,0,0
36085001700,7,0,0,39,-1,2,0,0,-1,4,4,0,2
36085001100,8,16,13,2,10,5,5,38,3,-6,5,11,2
36085000900,0,2,1,0,1,0,0,7,0,0,0,9,0
36085000800,5,7,4,8,3,16,3,-1,9,3,-1,10,5
36085000700,-2,1,-1,1,0,0,0,0,0,0,0,0,0
36085000600,5,0,-3,3,3,0,3,0,-2,5,-1,-1,0
36085000300,6,4,0,0,0,-2,0,0,-1,0,-1,2,0
36081162100,7,6,0,3,4,4,1,-3,0,3,1,1,0
36081161700,0,1,-2,4,4,1,0,1,1,0,0,1,0
36081157903,-1,-2,3,1,-1,0,-1,-1,1,1,-1,1,0
36081157902,2,1,1,0,1,0,1,0,-2,-1,0,-1,0
36081157901,-1,-1,0,1,1,-1,2,0,-1,1,0,2,0
36081157102,2,3,1,-1,0,0,2,3,1,0,1,0,0
36081157101,1,-1,1,2,5,0,1,1,2,0,3,0,0
36081156700,0,0,0,0,0,0,0,0,0,0,0,0,0
36081155104,0,0,0,0,0,1,0,0,0,1,0,0,0
36081155103,0,0,0,1,-1,-1,4,-2,2,1,0,-1,1
36081155101,0,0,0,0,0,0,0,0,0,0,0,0,0
36081152902,0,3,4,5,9,-3,-1,8,2,6,4,5,4
36081152901,3,3,-1,4,1,4,7,-2,1,2,3,4,0
36081150702,4,9,2,-1,0,-1,4,0,-4,-1,1,1,5
36081150701,1,0,3,2,0,-1,-1,4,0,2,-1,0,1
36081148300,3,0,1,-1,1,2,0,0,-1,0,1,0,3
36081147900,5,0,1,-1,3,3,-4,4,4,5,0,3,0
36081147100,0,4,0,1,3,-2,4,3,2,-1,2,1,-1
36081146700,0,10,-1,3,31,6,6,-2,4,1,0,6,0
36081146300,0,2,1,0,1,2,1,-2,0,5,2,2,1
36081145900,0,1,0,4,2,3,2,0,1,4,2,2,-1
36081145102,6,1,7,1,0,2,-3,6,2,1,4,1,0
36081145101,0,0,0,-3,6,2,0,0,2,4,1,0,1
36081144700,11,10,0,5,4,-1,-6,-2,8,6,7,2,6
36081144100,0,0,0,0,0,0,1,5,0,1,1,2,0
36081143500,1,0,2,1,1,5,-1,2,0,3,15,0,2
36081142900,14,22,-1,0,3,0,-1,2,2,1,4,1,3
36081141700,7,3,1,36,5,0,-1,0,2,0,1,1,0
36081140902,10,11,0,-1,0,1,-1,0,3,0,-1,0,2
36081140901,1,0,0,-1,0,0,0,0,0,0,0,0,0
36081140300,-1,1,0,0,0,0,-1,0,0,0,0,0,0
36081139900,0,0,0,0,0,0,0,0,0,0,0,0,-1
36081138502,0,0,0,0,0,0,0,0,0,0,0,0,0
36081138501,1,3,1,3,-1,0,0,1,1,2,2,3,3
36081137700,18,16,7,9,5,15,8,3,8,8,12,0,12
36081136700,1,1,-1,1,2,3,4,2,0,-1,2,11,-1
36081134702,0,0,0,0,0,0,0,0,0,0,0,0,0
36081134701,6,2,4,0,0,0,0,0,1,8,0,0,-1
36081134100,0,1,7,8,0,4,0,-1,0,3,2,1,3
36081133900,0,0,0,0,0,0,0,0,0,0,-1,0,-1
36081133300,1,0,3,0,1,0,-1,0,1,0,1,0,0
36081130100,1,0,-1,1,1,0,1,-1,0,1,0,0,1
36081129104,0,0,-1,0,1,0,-1,0,1,0,0,0,0
36081129103,-1,0,1,0,0,0,0,1,0,0,0,0,0
36081129102,2,2,2,-1,0,0,1,5,0,-2,1,0,0
36081128300,0,0,0,0,0,0,0,0,0,0,0,0,0
36081127700,3,-6,-1,-1,-2,-2,0,-1,0,1,2,1,1
36081126700,1,1,0,1,0,-1,2,0,2,-1,4,204,3
36081126500,0,0,-1,0,0,0,2,0,0,1,1,0,0
36081125700,1,4,5,4,1,3,6,3,52,3,1,2,7
36081124700,-1,1,4,1,1,3,1,1,2,0,1,2,2
36081124100,2,0,8,-1,3,6,2,3,0,6,7,0,4
36081122704,7,29,31,0,-1,0,36,10,1,-1,-5,10,1
36081122703,3,9,6,5,0,-1,-2,2,3,0,0,11,1
36081122702,-2,76,0,2,0,0,0,0,12,55,0,0,5
36081122300,-1,3,3,9,7,-7,6,7,0,2,2,8,3
36081121500,7,1,4,3,4,8,2,4,3,8,9,1,8
36081121100,0,0,0,0,0,0,0,0,0,0,0,0,0
36081120702,0,0,0,0,0,0,0,0,0,0,0,0,0
36081120701,-1,10,0,0,0,0,3,-2,-1,5,2,2,1
36081120500,4,-1,3,4,2,0,-8,-2,12,9,5,6,0
36081120300,-2,1,4,1,0,-1,-1,0,4,-2,3,1,2
36081120100,2,3,-1,7,1,-3,1,2,-1,2,16,2,0
36081119900,0,0,0,0,1,0,0,0,-1,0,0,2,0
36081119500,2,0,4,0,0,-1,1,3,0,1,0,1,0
36081119300,-2,3,0,1,1,1,-3,0,-4,5,2,4,4
36081119100,4,5,-1,2,-7,-1,6,2,8,8,2,11,6
36081118900,1,2,4,6,-2,-1,1,-4,2,7,5,1,1
36081118700,5,0,3,2,-5,8,4,1,4,4,-2,6,5
36081118500,0,8,-1,2,0,10,1,-2,17,1,1,0,11
36081118100,10,1,21,-1,-3,0,3,7,-2,4,2,0,-1
36081117500,30,15,1,3,2,0,3,3,11,0,0,23,2
36081117100,6,-2,-1,2,0,-2,11,0,1,0,0,-3,0
36081116700,1,0,11,-1,-4,1,6,12,3,3,1,-1,2
36081116302,2,25,1,-7,0,0,0,12,1,1,0,0,11
36081116301,0,-1,0,0,1,-23,-6,1,0,107,103,34,14
36081116100,-1,0,0,18,0,4,1,0,-1,0,0,0,-1
36081115900,0,-4,1,0,0,-15,0,-2,54,1,0,-1,2
36081115700,-1,1,9,28,4,0,2,1,-1,0,1,3,0
36081115500,0,3,2,0,-2,-1,1,4,0,-2,2,-1,0
36081115100,0,0,1,0,-1,-2,-1,1,0,-1,-1,0,1
36081114700,1,1,1,1,0,-1,-3,1,0,3,0,0,0
36081114100,0,0,0,0,0,0,0,1,0,1,1,0,0
36081113900,2,1,-3,7,3,-1,-8,1,-4,4,0,1,0
36081113300,0,-1,0,1,0,0,-1,2,1,1,0,2,0
36081112900,3,2,0,0,-1,0,1,0,0,-2,0,1,0
36081112300,5,4,-2,1,5,1,1,-1,0,2,5,-2,-2
36081111300,0,3,2,0,1,-2,4,2,10,2,1,1,7
36081109900,2,23,0,4,-1,-1,0,0,2,-2,0,2,4
36081109700,0,0,0,0,0,0,-1,-1,-1,15,-1,0,-1
36081109300,1,0,0,-1,-1,-4,0,0,0,-2,1,1,0
36081108500,5,-1,2,0,1,0,1,-1,0,2,3,0,0
36081107201,4,1,-1,-2,-11,-3,-10,-2,0,9,4,-1,-2
36081105900,0,4,1,0,-1,-2,5,1,1,0,0,1,0
36081104700,4,4,5,-2,13,1,4,5,4,4,2,3,4
36081103900,6,7,0,1,0,3,12,2,5,3,14,7,4
36081103300,-7,13,12,-1,7,3,8,-1,6,0,8,1,3
36081103202,-2,-12,2,15,-1,-3,0,2,-1,-6,6,142,772
36081103201,0,6,1,-1,0,0,0,0,2,0,0,9,-2
36081102900,1,4,4,0,-2,6,4,-1,23,10,0,0,1
36081101700,4,3,0,0,1,0,-1,-1,3,1,9,3,1
36081101004,0,-2,0,0,0,5,1,-1,1,1,0,0,0
36081101003,6,17,1,-7,0,0,0,0,0,0,0,63,253
36081101002,-1,1,3,4,2,-2,-2,13,50,-1,5,-1,-1
36081100804,0,6,2,0,0,0,0,0,0,0,0,-2,2
36081100803,2,-2,1,66,-1,-4,-2,-2,41,0,6,12,226
36081100801,1,0,0,0,0,0,0,0,0,0,-1,0,0
36081099900,0,0,-1,0,0,0,0,0,0,0,0,-24,0
36081099802,1,0,1,0,4,0,0,3,2,0,15,3,4
36081099801,0,8,5,0,6,7,0,-1,0,1,7,0,1
36081099705,1,0,0,0,1,0,0,1,3,0,0,1,2
36081099704,0,1,0,0,0,0,0,0,0,0,0,-6,16
36081099703,0,0,0,0,0,-2,-1,2,-2,1,0,2,18
36081099701,4,0,1,-1,3,5,2,0,1,-1,-1,2,0
36081099200,5,2,0,0,9,0,-2,-2,156,1,2,10,0
36081099100,-13,-1,3,3,-2,0,2,2,2,-1,2,0,2
36081098700,-2,2,-1,-1,1,5,-1,-1,2,-2,3,1,-1
36081098100,2,1,-1,0,1,0,-1,3,7,4,4,0,0
36081097300,-3,-2,1,1,1,-3,1,1,0,0,1,0,0
36081097206,1,-3,-5,-1,-2,-1,4,1,1,5,-5,-3,5
36081097205,0,0,0,0,0,0,0,0,0,24,0,0,0
36081097204,0,0,0,0,0,0,0,100,0,129,0,-2,2
36081097202,0,0,0,0,0,0,0,0,0,0,0,0,0
36081096400,74,117,87,82,88,107,58,2,10,63,8,5,16
36081095400,8,3,5,2,4,0,-7,-1,127,14,4,103,15
36081094700,2,0,0,0,2,0,-1,3,-3,4,-1,0,2
36081094203,-4,0,0,0,0,0,7,64,-1,2,0,0,0
36081094201,85,-13,22,-2,32,0,-3,0,0,26,-3,-3,18
36081093900,61,87,64,39,15,42,1,8,0,8,2,0,3
36081093800,1,1,0,-5,0,0,1,-9,27,31,6,-1,3
36081093402,0,2,8,-3,1,-4,-3,-1,0,0,85,3,0
36081093401,0,-1,-3,-2,-4,17,0,6,6,1,0,-1,2
36081092800,3,0,0,-10,0,0,-1,4,3,2,1,-3,-1
36081092500,12,0,2,3,1,2,-2,-1,7,1,1,-1,0
36081092200,1,0,1,-5,-6,3,0,0,1,2,1,1,-1
36081091900,17,2,11,16,0,2,1,-2,0,11,0,3,5
36081091800,0,0,0,0,0,0,0,0,0,0,0,0,0
36081091604,0,0,0,0,0,0,0,0,0,0,0,0,0
36081091603,-2,6,2,-56,-9,64,59,65,36,3,7,14,24
36081090700,-2,-2,-2,-7,-2,-3,0,0,0,-1,0,3,1
36081089202,0,0,0,0,0,0,0,0,0,0,0,0,0
36081089201,-1,7,0,-1,1,2,-2,0,0,6,0,0,0
36081088903,2,1,0,0,1,1,1,0,1,2,0,0,0
36081088902,59,18,17,0,17,64,1,45,33,26,1,0,-4
36081088400,6,7,-2,95,6,6,0,2,-1,7,-13,-4,3
36081087100,0,0,80,0,260,-2,148,1,0,419,0,135,21
36081086900,6,17,-1,-3,-7,-2,37,-10,64,99,10,-2,0
36081086500,0,0,27,-1,20,0,0,89,0,90,0,0,1
36081086400,1,1,1,6,-1,0,0,-1,0,1,1,0,0
36081086300,13,0,-4,0,0,0,0,22,0,23,0,0,131
36081086100,12,-2,4,-1,0,13,28,4,-4,-8,-1,2,74
36081085900,37,10,19,59,0,0,1,-1,0,-3,1,-1,32
36081085700,-1,27,-2,34,0,0,0,0,-9,-2,-2,95,6
36081085500,0,25,0,-1,0,0,26,0,0,-18,0,0,0
36081085300,1,0,-1,79,0,0,0,1,-2,28,0,0,0
36081084902,52,49,0,0,-2,-5,1,-10,8,16,0,8,40
36081084901,48,-3,0,-2,6,24,23,9,0,60,80,3,2
36081084602,0,0,1,0,0,0,0,1,0,1,2,0,1
36081084601,2,2,2,2,3,1,7,1,1,9,3,1,5
36081084500,1,0,-1,90,7,1,4,-1,3,-2,0,5,5
36081084000,4,8,3,7,9,1,4,5,5,1,2,-3,1
36081083800,2,8,3,7,1,4,-2,-1,5,4,2,-1,1
36081083700,9,3,14,10,19,7,18,6,16,18,8,7,5
36081081800,3,-1,4,1,0,1,-1,1,2,5,3,4,9
36081081400,2,6,2,-1,2,10,-2,3,11,0,9,3,5
36081080900,1,1,0,1,1,0,0,0,1,3,2,0,1
36081080302,0,7,1,5,-1,9,9,10,8,8,9,5,7
36081080301,15,4,7,5,4,1,10,3,7,4,11,3,1
36081079900,8,-4,17,0,12,9,17,2,-1,27,0,5,10
36081079702,66,62,-4,10,43,0,1,0,-2,0,1,13,0
36081079701,6,-1,6,0,-1,0,11,1,2,42,0,-1,0
36081079300,0,0,0,0,0,0,0,0,0,0,0,0,0
36081079200,3,1,3,3,4,0,2,0,2,3,1,0,5
36081079000,6,2,-2,3,-1,0,5,-1,10,2,3,1,4
36081078800,1,0,-2,0,2,3,0,0,1,0,2,0,2
36081077908,12,0,0,-1,0,0,1,24,0,1,0,44,0
36081077907,2,3,2,1,0,1,1,1,0,1,2,0,0
36081077906,0,0,0,-1,2,0,0,0,0,0,0,0,2
36081077905,0,0,0,0,0,0,0,0,0,0,0,0,0
36081077904,2,2,2,2,1,2,1,3,2,0,2,3,2
36081077903,0,1,0,0,0,0,-1,-1,0,1,0,-2,0
36081077902,2,-2,-2,0,1,-1,1,0,-1,-3,0,0,-2
36081077500,1,0,0,0,0,0,2,0,0,0,0,0,1
36081077300,0,0,0,0,0,0,0,0,0,0,0,0,0
36081076902,0,0,0,0,0,0,0,0,0,0,-1,0,0
36081076901,1,0,0,0,0,0,0,0,0,0,0,0,1
36081075702,3,0,-1,-1,2,0,2,1,2,2,0,1,-2
36081075701,0,0,0,0,0,0,0,0,0,-1,0,0,0
36081074900,0,0,0,-1,0,0,0,0,0,0,0,0,0
36081074700,0,-2,3,0,1,0,0,0,0,9,0,0,0
36081074500,12,0,0,0,2,0,0,1,0,0,0,0,442
36081074300,0,0,1,0,0,0,0,0,2,1,0,0,16
36081074100,1,0,0,0,-1,0,1,0,0,-1,0,0,0
36081073900,-4,0,1,0,0,97,0,5,0,0,0,0,0
36081073700,-3,0,0,0,0,-4,-1,0,44,23,0,-1,0
36081073100,0,1,0,0,0,0,0,0,0,0,0,0,-1
36081072900,0,-1,0,1,0,0,0,1,0,0,1,0,0
36081072300,0,1,0,0,0,0,1,0,0,0,-2,0,0
36081072100,0,-1,0,0,0,1,0,0,0,0,1,0,1
36081071900,6,2,0,6,1,0,5,1,1,-1,-1,1,12
36081071702,0,0,0,0,0,312,0,0,0,0,0,0,0
36081071701,3,0,67,-3,-1,-16,18,0,58,0,-1,35,31
36081071306,-1,33,0,22,-3,0,0,-1,22,0,0,0,0
36081071305,0,0,0,0,-1,0,0,0,0,0,0,0,0
36081071304,0,0,0,0,38,0,1,0,0,0,0,0,-19
36081071303,1,0,0,0,0,0,0,0,0,0,0,0,0
36081071100,0,0,1,1,1,27,0,0,0,1,0,75,-2
36081070900,-2,0,2,0,0,0,1,2,0,0,0,1,0
36081070700,0,0,0,2,0,0,0,0,0,0,0,0,0
36081070300,0,0,0,0,0,0,0,0,0,0,0,0,18
36081069702,1,-1,1,0,0,0,-1,1,-2,-2,0,2,0
36081069701,69,32,0,16,17,22,1,83,45,2,0,2,0
36081069500,0,0,1,-1,0,0,0,0,8,1,0,0,0
36081069400,2,0,4,-2,4,2,4,2,3,1,8,8,1
36081069300,0,0,2,0,0,0,0,0,0,0,0,1,0
36081069000,8,20,3,9,1,5,1,4,2,3,2,0,2
36081068700,1,3,7,0,2,1,0,0,0,0,1,0,0
36081068300,0,0,0,0,-1,0,0,0,0,1,0,0,0
36081068200,1,0,1,0,0,5,1,2,0,0,1,1,0
36081068000,1,2,2,12,11,8,2,11,3,3,9,7,2
36081067900,0,3,4,1,0,0,0,0,2,94,2,0,0
36081067700,-1,0,0,0,0,0,-1,2,0,1,0,1,0
36081067100,0,0,0,1,-1,0,0,1,6,1,0,0,0
36081066900,2,0,1,4,0,0,0,1,0,0,0,1,0
36081066701,0,0,-1,0,1,0,6,0,0,0,0,0,0
36081066501,1,3,1,0,0,2,-1,-1,2,0,0,1,0
36081066404,0,0,0,0,0,0,0,0,0,0,0,0,0
36081066403,2,1,1,0,0,0,0,0,0,0,0,0,0
36081066402,1,-1,8,3,4,0,2,2,2,1,2,0,1
36081066302,0,0,0,0,0,0,0,0,0,0,0,0,0
36081066301,0,1,0,0,2,1,0,0,0,2,1,2,2
36081066100,0,1,0,0,-1,0,1,0,0,0,0,0,0
36081066000,0,2,3,2,1,2,2,9,0,3,2,2,3
36081065900,1,0,1,2,0,0,-1,0,1,0,1,0,1
36081065703,7,2,2,-2,0,0,0,2,-3,0,1,0,-2
36081065702,2,0,0,-2,6,0,0,-2,0,0,0,6,0
36081065600,35,6,6,3,2,2,2,2,0,2,14,2,3
36081065501,0,0,0,0,0,0,0,0,0,0,0,0,0
36081065402,0,0,0,0,0,0,0,0,0,0,0,0,0
36081065401,0,0,6,0,-1,0,0,3,2,5,2,0,5
36081065000,1,1,0,0,1,2,0,0,2,0,2,0,0
36081064600,1,0,0,0,1,0,0,0,5,2,0,0,1
36081064500,0,0,-1,0,0,1,0,0,0,1,1,0,1
36081064102,0,0,0,0,0,0,0,0,0,0,0,0,0
36081064101,0,0,0,0,0,0,0,0,0,0,0,0,0
36081063900,-1,-1,0,0,0,0,0,0,1,0,0,1,-2
36081063800,1,2,3,0,3,0,0,0,1,4,1,0,0
36081063700,0,0,0,0,0,1,1,1,0,0,0,1,1
36081063500,0,0,0,0,0,0,0,0,-1,0,0,0,0
36081063302,-1,0,0,1,0,0,-1,0,0,0,0,1,0
36081063301,0,0,0,1,0,0,0,0,0,0,0,0,0
36081063200,1,1,0,-3,0,0,0,0,2,0,0,0,1
36081063000,0,0,0,0,0,0,0,0,0,0,0,0,0
36081062900,0,0,0,1,0,0,0,0,0,0,0,0,0
36081062700,0,0,0,0,0,17,0,0,0,0,0,0,0
36081062600,0,1,0,0,-1,0,0,1,0,0,-1,0,-1
36081062500,1,0,0,0,0,0,0,0,0,0,1,0,0
36081062400,0,0,0,0,0,0,0,0,0,0,0,0,0
36081062300,0,0,0,1,1,0,0,0,-1,0,2,0,0
36081062200,-1,0,0,0,0,0,0,0,0,0,0,0,0
36081062100,3,0,0,-1,1,5,0,0,0,0,0,0,0
36081062000,0,0,0,0,0,0,0,0,0,0,0,0,0
36081061900,0,0,0,-1,0,-2,0,-2,0,0,2,0,5
36081061800,0,0,0,0,0,0,0,0,0,0,0,0,0
36081061602,0,1,0,0,0,0,0,0,0,0,0,0,0
36081061601,0,0,0,0,0,0,0,0,1,0,0,0,0
36081061400,0,0,0,0,0,0,0,0,0,0,0,0,0
36081061302,0,0,0,0,0,0,0,0,0,0,0,0,0
36081061301,63,0,2,0,0,1,0,-1,1,0,0,0,2
36081061200,0,0,0,0,0,0,0,0,0,0,0,0,0
36081061000,0,0,0,0,0,0,0,0,0,0,0,0,0
36081060800,0,0,-1,0,0,0,0,0,0,0,0,0,0
36081060701,0,0,0,0,0,0,0,0,0,0,0,0,0
36081060600,0,0,0,0,0,0,0,0,0,0,-2,0,0
36081060300,0,0,-2,1,0,0,0,0,0,1,0,0,0
36081060100,10,0,0,0,0,6,0,0,0,0,0,0,0
36081060000,-1,0,5,0,0,0,0,0,0,0,0,0,0
36081059900,0,0,0,0,0,0,1,0,0,0,0,0,0
36081059800,0,0,0,0,0,0,1,0,0,0,0,0,0
36081059600,0,0,0,0,0,0,0,0,0,0,0,0,0
36081059502,0,0,9,1,0,0,0,0,0,2,2,1,0
36081059501,0,0,0,0,0,0,0,0,0,42,0,0,0
36081059400,0,0,0,0,0,0,0,0,0,0,0,0,0
36081059300,28,-1,2,0,0,26,1,6,-2,5,1,-1,0
36081059200,0,0,0,0,0,0,0,0,0,0,0,0,-1
36081059100,0,0,1,0,0,2,-2,0,0,0,0,0,15
36081059000,0,1,0,0,0,0,0,0,0,0,0,0,0
36081058900,0,7,0,0,0,0,4,2,0,0,2,0,0
36081058700,0,0,0,0,0,2,0,1,0,0,0,0,0
36081058500,1,0,0,1,1,0,0,0,0,0,-1,0,0
36081058300,0,-1,52,1,0,0,12,-12,1,5,0,0,0
36081058200,0,2,2,0,0,1,1,2,6,0,0,9,3
36081058100,1,0,0,1,0,0,0,1,1,0,0,0,1
36081058000,9,0,1,0,0,0,0,0,0,0,0,0,0
36081057900,0,0,0,0,0,0,0,0,0,0,0,0,0
36081057700,0,0,0,0,0,0,0,1,0,0,0,0,0
36081056800,0,0,7,0,0,0,-2,-4,-3,0,0,-1,1
36081056700,0,0,0,0,0,2,0,1,0,2,2,0,0
36081056600,0,0,0,4,0,1,0,0,0,0,1,0,2
36081056500,1,0,0,0,0,0,1,2,-1,1,-17,0,67
36081056400,0,2,0,2,0,1,-2,0,0,0,2,0,0
36081056200,-1,1,0,0,-1,0,0,2,0,0,1,0,1
36081056100,0,0,0,0,0,0,0,0,0,0,-18,0,0
36081056000,-1,3,0,1,0,-1,2,0,0,2,1,0,0
36081055900,0,0,0,0,1,0,0,0,0,0,0,62,0
36081055800,0,0,0,0,1,0,0,0,0,0,0,0,0
36081055700,0,0,0,0,0,-2,7,0,17,2,4,0,1
36081055600,0,0,0,0,0,0,0,0,0,1,0,0,0
36081055500,0,0,-1,0,2,0,0,0,0,0,0,0,0
36081055400,1,0,0,0,0,0,0,1,0,0,0,0,0
36081055300,19,0,0,0,0,0,26,90,54,9,0,0,64
36081055200,0,5,1,0,-1,0,0,0,0,0,1,0,0
36081055100,0,2,0,0,2,0,2,50,1,1,0,5,5
36081054900,0,0,0,1,0,-2,8,23,14,8,6,0,3
36081054800,0,0,0,0,0,0,0,0,0,0,0,-1,0
36081054700,-5,24,0,0,0,-2,-1,0,0,-1,0,0,0
36081054500,2,7,0,0,-1,-3,12,0,6,37,20,0,0
36081054200,0,0,0,-1,12,0,0,0,0,0,0,0,2
36081054000,7,0,0,7,5,1,1,0,-4,6,4,4,-2
36081053902,32,0,0,0,0,0,0,0,0,0,0,0,0
36081053901,0,0,1,1,0,0,0,2,26,1,132,13,18
36081053800,0,0,0,0,1,0,0,0,0,0,0,0,-1
36081053601,2,-1,0,1,0,1,0,0,-1,0,1,0,0
36081053502,0,0,0,0,0,0,0,0,-1,0,0,0,0
36081053501,0,0,0,0,0,-2,-1,-1,0,3,-1,0,0
36081053401,0,1,0,0,0,0,0,0,0,0,2,0,-1
36081053200,0,0,1,0,0,0,1,0,0,0,0,0,1
36081053100,0,-2,-1,2,-1,12,0,1,2,0,0,6,0
36081053000,0,4,1,0,0,1,-1,1,1,0,0,0,0
36081052800,2,0,0,0,2,2,0,2,0,0,4,0,1
36081052600,-1,-2,0,1,0,0,0,1,1,0,0,1,1
36081052500,1,4,0,0,0,0,0,0,0,0,0,0,0
36081052400,0,-1,4,2,1,0,0,0,0,1,1,2,1
36081052200,0,0,0,0,0,2,1,0,0,0,0,-1,0
36081052100,1,0,0,0,0,-2,0,0,0,3,0,0,0
36081052000,0,0,0,0,0,0,0,0,0,0,0,0,0
36081051800,0,0,0,0,0,0,2,0,0,0,0,0,0
36081051700,-1,5,0,16,4,0,0,-3,-2,5,2,10,3
36081051600,0,0,0,0,0,0,0,-1,1,0,2,0,0
36081051500,1,0,1,0,0,0,2,-2,1,2,0,1,10
36081051300,0,7,1,1,-2,5,8,0,0,0,1,0,2
36081051200,0,0,0,0,0,0,0,0,1,0,0,0,0
36081051100,1,-1,1,6,0,6,0,1,2,0,0,0,0
36081051000,0,0,0,0,1,0,0,-2,0,0,0,4,1
36081050800,1,2,0,0,0,0,0,0,0,0,0,0,2
36081050700,18,1,3,2,2,1,0,2,0,-1,0,-1,2
36081050600,0,0,1,0,0,0,3,0,0,2,3,0,0
36081050500,-1,0,0,0,2,0,0,2,0,1,0,0,0
36081050400,0,0,0,0,0,-2,0,0,0,1,0,2,0
36081050202,-1,0,0,2,1,0,0,0,6,0,0,2,2
36081050201,0,3,0,0,1,0,0,1,2,1,1,1,0
36081050000,6,4,5,0,0,0,0,2,12,-2,0,9,0
36081049900,1,4,2,3,3,3,34,0,-2,1,8,3,0
36081049700,2,9,0,-2,5,9,6,14,3,2,1,0,1
36081049600,0,1,0,-1,1,0,0,0,-1,2,0,0,0
36081049500,7,0,0,2,0,0,0,-2,0,0,1,3,2
36081049302,14,7,-2,0,0,2,4,0,0,-2,0,0,0
36081049301,6,0,1,9,0,0,0,0,0,-2,-2,0,3
36081049202,0,0,0,0,0,1,0,0,0,0,0,0,0
36081049201,0,0,0,0,0,0,1,-1,1,0,0,0,0
36081048900,0,-1,-3,-2,8,-2,-6,-1,0,7,75,1,69
36081048500,11,4,5,3,0,2,4,2,0,179,0,6,92
36081048400,4,0,1,1,2,-1,1,0,1,-1,0,2,1
36081048302,-2,4,0,8,10,0,-2,1,0,-1,48,-1,1
36081048301,-2,17,1,-2,0,3,-13,-4,9,11,3,0,8
36081048200,0,0,0,0,1,0,0,0,0,0,0,0,0
36081048100,0,2,0,0,2,-1,7,2,1,0,0,0,0
36081048000,2,0,3,4,0,0,2,1,0,0,0,0,0
36081047900,8,20,3,13,1,4,-1,0,3,15,7,2,11
36081047802,0,0,0,0,0,1,0,0,3,0,0,0,0
36081047801,0,2,0,-1,0,22,2,-1,0,0,0,1,0
36081047600,-1,-2,1,0,-1,0,-1,0,0,-1,2,2,2
36081047500,9,18,-4,14,3,151,9,5,16,0,0,33,5
36081047300,4,8,87,3,48,10,10,44,-2,0,141,182,0
36081047200,0,0,0,0,2,0,2,1,0,0,0,-1,1
36081047100,2,-3,2,0,31,12,-1,7,1,22,0,0,0
36081047000,0,0,0,1,0,0,0,-2,0,1,1,4,0
36081046902,2,4,3,1,0,0,0,-9,0,0,0,20,0
36081046901,0,20,1,-1,1,1,0,0,0,0,0,2,0
36081046800,0,17,1,0,0,0,0,0,0,132,-1,0,-1
36081046700,21,0,1,0,4,-1,-2,0,0,8,0,0,0
36081046600,0,-2,0,7,-1,-1,17,8,68,32,46,0,0
36081046500,7,0,1,0,0,1,-1,6,0,1,0,2,-1
36081046400,0,1,0,0,-1,0,0,0,0,-2,18,0,-1
36081046300,22,9,0,0,1,-4,-1,0,8,13,9,0,3
36081046200,27,37,31,1,94,2,-1,14,0,13,19,32,10
36081046100,-1,0,0,0,-1,0,2,-1,-2,0,1,4,-1
36081046000,1,0,0,0,0,-1,11,0,-1,0,1,-3,-1
36081045900,2,3,-3,8,-1,0,6,-1,1,-1,2,0,2
36081045800,37,4,-1,0,0,8,-3,0,-1,-3,0,0,9
36081045700,9,-1,1,-3,2,13,4,1,15,0,0,5,26
36081045600,1,0,2,0,0,0,1,0,1,2,0,1,0
36081045500,-5,0,0,0,0,0,0,0,0,0,0,0,0
36081045400,8,1,1,0,4,2,-2,0,4,-1,-2,10,-1
36081045200,0,2,0,0,0,0,0,0,1,1,0,0,0
36081045000,3,1,2,3,0,1,3,4,0,1,-1,1,0
36081044800,1,-1,0,1,0,-1,1,0,0,1,0,0,0
36081044602,81,0,-1,0,0,-3,0,0,45,0,0,51,70
36081044601,0,12,1,0,101,0,0,0,0,0,0,-1,489
36081044400,57,-1,16,38,4,2,-3,2,90,1,15,391,16
36081044302,5,1,8,1,1,0,1,1,4,-4,1,6,10
36081044301,28,4,3,-1,0,-1,11,28,71,23,1,15,3
36081044000,11,1,9,3,6,0,-1,4,14,4,2,1,3
36081043900,5,9,14,1,0,1,4,-1,9,13,0,0,2
36081043702,24,7,27,0,6,-4,12,-3,16,-4,-1,21,3
36081043701,8,40,1,4,6,5,0,7,-1,0,0,7,4
36081043400,1,0,0,1,1,0,1,0,2,0,0,4,3
36081043200,0,0,0,0,0,1,0,0,4,3,1,5,2
36081042700,22,1,16,0,12,6,-4,5,11,22,18,0,0
36081042600,0,0,0,0,0,0,0,0,0,0,0,0,0
36081042400,7,0,2,0,0,3,0,1,0,0,1,1,0
36081041500,6,0,8,19,0,11,3,-1,11,1,-1,-2,3
36081041400,5,0,0,2,-1,5,1,2,6,1,1,3,7
36081041300,-1,5,-1,10,3,1,42,16,6,2,15,6,13
36081041100,0,34,1,0,0,0,0,1,30,5,0,2,-2
36081040902,12,0,18,0,1,-3,-4,0,11,4,-1,0,0
36081040901,0,1,0,0,1,-1,0,0,0,0,15,0,0
36081040702,1,10,12,19,1,0,0,6,-5,0,0,0,0
36081040701,-1,14,0,0,0,-1,7,1,0,21,0,0,0
36081040502,9,0,-2,0,11,0,1,-10,0,2,3,14,13
36081040501,23,0,0,7,0,0,-1,0,8,0,0,0,0
36081040400,0,0,1,1,0,0,2,0,0,0,1,0,3
36081040302,51,33,9,10,-6,5,29,0,-2,3,2,0,-1
36081040301,4,10,0,1,-3,13,-1,0,-2,-15,-1,3,0
36081040200,2,0,0,0,0,0,0,0,0,-1,0,1,0
36081040102,34,50,14,-1,0,4,1,0,-2,-5,0,58,0
36081040101,4,0,3,3,0,-10,-3,11,3,9,-2,0,49
36081040000,2,0,2,0,0,0,-3,0,0,8,4,0,8
36081039902,8,16,14,9,-1,35,-5,16,26,1,0,0,0
36081039901,2,1,5,0,0,2,0,1,-2,1,0,0,1
36081039800,0,0,0,0,0,1,0,2,0,1,1,-1,1
36081039400,1,0,4,-2,3,5,4,2,70,5,4,5,3
36081038400,0,1,1,1,0,0,0,0,4,0,1,0,0
36081038302,0,0,0,0,0,0,0,0,0,0,0,0,0
36081038301,0,0,0,0,0,-5,0,0,0,0,0,0,0
36081038100,24,4,-1,8,40,5,3,-7,-2,1,9,16,0
36081037900,10,8,0,38,11,-4,1,0,-4,-2,16,32,5
36081037700,0,-1,-1,-1,8,0,9,7,0,0,-3,9,0
36081037600,5,0,0,7,1,0,0,1,6,6,1,5,5
36081037502,27,5,-2,12,0,0,16,1,29,0,0,0,-5
36081037501,17,0,1,2,-1,1,0,0,0,0,-1,0,10
36081037300,1,-4,79,0,12,0,0,-1,4,0,20,3,1
36081037100,4,1,1,0,1,1,0,2,2,4,0,1,0
36081036800,0,3,2,1,0,0,0,-2,1,1,0,0,0
36081036700,0,5,0,3,0,0,2,0,1,1,0,2,2
36081036600,0,0,4,2,5,-1,0,0,10,1,1,3,0
36081036500,2,0,4,0,-1,-2,1,0,9,24,8,12,34
36081036300,0,0,2,13,0,2,-3,0,8,1,1,3,-3
36081036100,5,3,-1,4,0,0,1,0,-4,-1,10,0,8
36081035800,15,1,5,1,0,0,3,1,1,5,3,2,7
36081035700,7,2,9,-3,9,-2,2,-1,1,-1,2,0,4
36081035300,0,0,0,4,0,0,1,1,0,0,0,0,0
36081035200,0,0,4,2,4,2,1,-1,1,1,0,3,1
36081035100,1,0,0,0,0,0,0,0,1,0,0,0,0
36081034700,5,1,-1,0,1,2,16,1,-1,-2,6,3,4
36081033900,1,0,0,0,0,1,2,1,3,0,2,0,0
36081033700,0,1,0,1,0,1,1,0,0,3,1,0,3
36081033405,3,1,0,0,1,0,0,0,2,2,0,1,2
36081033404,0,0,0,0,0,0,0,0,0,0,0,0,0
36081033403,0,0,0,0,0,0,0,0,0,0,0,0,0
36081033401,14,7,5,4,0,56,54,1,87,85,90,4,3
36081033000,19,8,8,1,4,3,4,3,2,7,3,1,12
36081032900,9,0,0,2,6,1,3,2,1,8,0,1,7
36081032800,6,6,-1,0,10,1,0,4,4,4,0,0,0
36081032700,7,1,0,3,-2,0,0,0,0,0,6,6,0
36081032000,4,8,1,8,1,10,3,6,16,2,3,6,5
36081031700,11,3,3,1,2,0,10,2,1,3,1,8,1
36081030906,2,4,4,1,0,4,2,2,0,2,0,0,0
36081030905,2,3,0,3,1,2,0,3,-1,0,1,1,1
36081030904,2,2,3,1,1,0,1,2,0,3,1,1,0
36081030903,2,17,1,0,0,1,0,1,2,-1,0,0,1
36081030600,3,-2,13,6,4,2,3,2,4,5,0,5,7
36081029900,0,0,0,0,0,0,0,0,0,0,0,0,0
36081029700,-1,10,3,7,8,4,0,15,-3,0,8,-3,48
36081029500,1,0,-1,1,0,7,1,0,0,0,0,0,0
36081029400,10,6,19,2,5,4,9,11,6,7,166,11,10
36081029300,2,1,1,0,0,0,0,1,0,0,1,0,1
36081029100,10,4,3,0,-2,0,1,1,3,1,0,0,1
36081028900,0,-1,0,0,-2,0,0,0,0,1,0,0,1
36081028803,0,0,0,0,0,0,0,0,0,0,0,0,0
36081028802,2,-1,1,2,0,1,3,4,2,5,5,2,2
36081028801,4,5,3,2,0,3,3,5,2,6,2,3,4
36081028700,0,0,0,6,0,0,1,0,0,-4,0,0,0
36081028500,0,0,0,0,0,0,0,0,0,0,0,0,0
36081028400,6,6,5,5,2,3,0,2,5,1,3,8,5
36081028300,0,-1,4,2,0,-1,0,37,0,0,0,0,0
36081028200,0,3,1,2,0,0,1,-1,19,1,1,6,1
36081028100,0,0,0,45,1,0,0,0,0,0,1,0,0
36081028000,0,1,3,2,0,2,0,0,1,1,0,2,0
36081027900,0,-1,0,0,1,0,0,0,0,0,0,0,0
36081027800,0,1,1,0,0,0,0,0,1,1,0,0,0
36081027702,0,0,0,0,0,0,1,0,0,0,0,0,0
36081027701,0,2,0,0,1,-1,0,0,-2,0,0,0,24
36081027600,3,0,0,6,2,0,0,0,2,-2,2,3,4
36081027500,-2,0,2,-2,0,0,-1,0,0,0,1,0,-1
36081027400,0,0,0,1,1,0,0,-1,0,0,0,-1,0
36081027302,0,0,0,0,0,0,0,0,0,0,-10,0,44
36081027301,1,29,0,-2,-2,0,0,0,0,0,-2,0,0
36081027200,1,0,0,3,0,1,0,0,1,0,0,1,-2
36081027102,0,0,0,1,0,-3,0,1,-8,0,0,0,0
36081027101,9,-5,8,0,-1,0,0,1,10,-1,0,0,0
36081027000,2,0,0,0,1,1,1,0,1,0,0,1,2
36081026902,0,0,0,0,0,-1,0,0,3,1,2,0,0
36081026901,1,-2,0,0,-4,0,5,1,0,0,4,0,1
36081026700,60,0,0,-1,-3,-4,-4,-3,8,-7,10,8,1
36081026600,0,1,4,0,0,0,-1,0,0,0,0,0,0
36081026502,9,4,9,4,0,0,-1,0,0,0,0,5,0
36081026501,0,0,41,0,0,-1,-3,0,0,154,0,9,0
36081026400,0,0,0,3,0,53,1,3,3,2,6,5,0
36081026300,42,37,-1,-3,12,-3,-6,16,7,15,0,13,10
36081026200,1,0,1,0,1,-2,1,7,0,0,2,0,0
36081026100,26,2,7,0,0,0,27,0,11,-1,0,0,0
36081026000,0,6,1,0,0,-1,1,2,-1,2,9,6,0
36081025900,0,4,0,0,0,1,0,4,0,1,1,4,7
36081025800,0,0,1,0,4,-1,1,1,0,4,0,0,0
36081025700,1,6,1,-7,1,0,0,0,0,1,0,0,0
36081025500,0,0,0,0,-2,6,0,0,-1,0,0,0,2
36081025402,6,4,3,4,0,0,-1,1,8,5,0,6,5
36081025401,28,22,11,4,0,1,0,0,4,-3,3,-1,8
36081025302,22,0,0,0,67,1,-1,25,0,-8,8,75,54
36081025301,-1,0,11,0,0,0,0,0,0,0,0,2,0
36081025100,3,0,-2,-5,0,0,0,6,0,-1,-2,0,0
36081024900,2,-1,-1,-1,0,0,0,-1,4,-1,-1,-1,7
36081024700,-2,0,7,0,-1,1,0,12,0,0,0,-2,-2
36081024600,0,0,0,0,0,0,0,0,0,0,0,0,0
36081024500,-1,81,1,4,-1,1,21,0,0,30,4,42,3
36081024300,4,3,4,3,0,-4,1,25,3,2,6,9,9
36081024000,346,0,-2,0,66,0,-4,-7,0,33,0,139,28
36081023800,1,0,0,-1,0,0,0,18,16,0,2,109,11
36081023600,-2,60,0,1,0,0,51,1,0,481,-1,0,-1
36081023502,1,0,6,0,-2,-8,3,0,0,6,10,0,0
36081023501,0,0,0,0,0,0,0,0,0,0,0,0,0
36081023200,1,144,-1,0,0,24,0,2,3,1,1,46,-3
36081023000,0,1,3,1,0,0,0,1,0,0,1,0,0
36081022900,0,0,0,0,0,0,0,0,0,0,0,0,0
36081022002,79,22,8,48,-1,0,1,16,0,0,23,0,0
36081022001,11,27,-2,0,4,0,0,0,0,63,0,54,0
36081021603,0,0,0,0,0,0,0,0,0,0,0,0,0
36081021602,2,2,-1,0,0,0,0,0,-2,-2,-2,0,-1
36081021601,0,0,0,0,0,0,124,0,0,0,0,0,0
36081021400,1,-2,0,4,1,-2,0,0,0,0,32,14,65
36081021200,0,0,0,0,-2,3,0,-3,9,0,3,3,9
36081020800,0,1,7,-4,-4,1,-2,8,383,-1,540,125,535
36081020600,6,7,0,0,1,1,0,0,8,14,0,1,0
36081020500,0,-1,-5,-2,0,-1,0,0,0,0,0,-1,0
36081020400,14,0,-2,1,1,0,0,6,8,-4,-5,0,-3
36081020200,6,2,0,1,0,0,1,0,-1,12,1,3,1
36081019903,0,0,0,0,0,0,0,0,0,0,0,0,0
36081019902,0,0,0,0,0,0,0,0,0,0,0,0,0
36081019901,-2,-5,-2,-3,0,-1,-2,-1,-2,0,-3,0,0
36081019800,5,6,0,0,2,-3,0,2,0,1,-1,0,0
36081019600,7,0,3,3,0,0,0,0,1,1,8,0,-3
36081019400,2,1,0,0,0,1,0,1,3,1,1,3,1
36081019200,0,0,1,0,0,0,0,-1,0,4,-1,0,0
36081019000,0,0,0,0,3,2,0,5,0,0,2,0,0
36081018900,2,0,0,0,0,0,0,1,0,0,0,-1,0
36081018800,4,4,1,0,2,2,1,1,0,0,2,-1,1
36081018700,1,1,0,1,0,1,0,0,2,16,1,2,2
36081018600,1,1,0,0,0,0,1,6,0,3,1,0,0
36081018502,0,0,0,-2,0,0,0,0,0,-2,0,12,0
36081018501,1,0,0,0,0,1,0,0,4,0,0,1,2
36081018402,0,-1,2,2,0,2,0,0,0,0,1,0,0
36081018401,6,0,-2,0,0,2,0,1,2,2,0,4,1
36081018300,0,1,0,1,-2,16,1,-3,-2,-2,0,0,27
36081018200,3,1,1,0,0,0,0,8,3,1,1,5,2
36081018102,0,0,-8,0,0,0,38,0,0,0,0,0,0
36081018101,1,1,1,0,0,0,0,0,0,0,0,0,1
36081018000,8,0,1,0,4,0,0,-1,0,0,0,0,0
36081017902,0,0,0,0,0,0,0,0,0,0,0,0,0
36081017901,0,0,0,3,0,0,0,0,0,4,0,0,0
36081017800,0,0,1,0,0,0,0,0,0,0,0,0,5
36081017600,3,2,0,-1,3,0,0,1,1,1,0,0,-2
36081017400,2,1,0,1,0,0,0,0,1,0,1,0,0
36081017200,-1,0,-1,0,0,-1,0,0,0,0,1,0,0
36081017102,0,0,0,0,0,0,0,0,0,0,0,0,0
36081017101,0,0,0,0,0,0,0,0,0,0,0,0,0
36081017000,1,1,0,1,4,2,0,-2,1,-1,1,0,1
36081016900,0,-1,0,0,0,-2,0,0,1,0,0,0,0
36081016800,0,4,0,0,1,1,1,-1,1,4,0,0,0
36081016600,3,0,0,0,0,0,1,0,0,0,0,0,0
36081016400,0,0,0,0,0,0,1,1,1,1,0,0,0
36081016300,0,0,0,0,0,0,0,1,0,0,0,0,1
36081016100,0,0,8,0,-1,-1,1,0,-2,1,0,0,8
36081015900,6,1,0,-1,0,1,8,0,0,0,1,0,0
36081015802,0,-2,4,1,0,1,-1,1,-2,0,12,1,-4
36081015801,0,2,0,1,2,0,2,2,0,-1,0,1,7
36081015700,0,1,0,0,0,0,0,0,87,0,0,143,25
36081015600,4,2,1,1,1,0,2,1,3,1,-1,0,0
36081015500,18,8,6,8,15,0,-5,12,0,7,1,-2,12
36081015400,0,-1,1,1,2,-1,0,0,0,0,0,10,0
36081015300,3,1,8,-3,-2,1,0,17,7,-2,0,0,0
36081015200,0,4,12,0,0,3,0,0,-2,1,7,-3,2
36081015100,8,0,1,1,1,0,3,0,2,5,0,0,0
36081015000,0,8,2,3,0,0,0,0,0,1,0,0,0
36081014900,0,1,0,0,1,0,0,0,0,0,1,0,1
36081014800,6,10,0,2,0,0,0,0,0,0,0,1,1
36081014700,0,2,0,3,6,0,2,1,1,4,0,-4,0
36081014500,3,1,5,2,0,2,1,2,0,2,1,5,6
36081014400,-1,1,2,5,1,0,1,0,0,0,-1,0,0
36081014300,2,1,0,0,5,0,3,-10,5,10,2,22,-2
36081014202,1,6,0,3,0,-2,2,0,0,6,1,0,0
36081014201,0,1,0,182,0,1,10,-3,2,0,0,0,0
36081014100,0,0,0,0,0,-2,-1,0,0,0,0,0,0
36081014000,0,-1,1,0,0,2,40,0,1,1,0,1,7
36081013800,0,0,52,6,2,-1,0,4,2,0,0,0,0
36081013700,1,-2,-1,2,1,-3,-1,2,0,2,0,0,1
36081013600,0,-2,0,0,0,0,0,0,2,1,0,1,2
36081013500,4,1,1,2,1,0,1,1,1,-2,0,5,5
36081013400,13,82,18,0,0,-3,-4,0,-3,19,44,17,0
36081013200,7,0,1,0,12,0,0,0,0,0,0,0,0
36081013000,-2,-1,0,0,0,0,0,0,0,0,0,0,0
36081012800,2,0,0,0,0,1,0,2,0,0,0,0,2
36081012602,0,1,0,0,0,0,1,0,0,0,0,0,1
36081012601,5,-1,1,0,0,2,0,0,0,0,1,1,0
36081012500,1,0,3,0,0,0,0,0,29,0,2,0,-1
36081012400,0,0,-2,-1,0,0,2,0,0,0,0,1,0
36081012301,7,2,1,5,-3,4,2,90,1,-2,1,10,6
36081012200,1,0,4,0,0,0,0,0,0,0,0,0,1
36081012100,5,3,0,2,1,1,1,4,0,1,0,1,0
36081012000,-1,1,13,1,4,3,6,0,2,0,-1,0,0
36081011900,1,0,1,1,-2,4,0,-1,2,3,13,0,0
36081011800,-7,11,0,7,0,1,0,0,6,0,0,0,0
36081011700,6,2,6,0,0,2,0,2,-4,1,0,0,1
36081011600,1,0,0,0,0,0,0,1,0,0,1,0,0
36081011500,-2,4,-3,5,29,3,0,4,9,-8,1,20,10
36081011400,0,1,1,0,0,0,0,0,0,-2,0,0,0
36081011300,0,4,14,22,0,2,0,0,0,0,0,47,3
36081011200,4,10,1,0,0,0,1,1,0,0,0,0,0
36081011100,1,6,0,47,0,0,0,0,2,0,-2,-1,0
36081011000,4,-3,0,2,1,1,6,1,0,0,1,0,0
36081010800,2,0,1,2,1,-3,0,0,2,2,1,0,0
36081010600,3,0,-1,7,0,1,0,-1,0,1,-2,0,1
36081010500,36,2,0,0,1,1,0,0,53,1,0,0,0
36081010400,5,3,0,3,0,1,0,1,0,0,0,0,1
36081010300,0,8,0,0,0,1,0,1,1,0,-4,11,0
36081010200,0,6,2,0,0,2,0,-2,0,0,0,1,1
36081010100,5,1,15,5,1,2,0,2,0,2,1,0,1
36081010000,0,0,2,0,0,0,1,-5,-1,2,1,0,0
36081009900,0,0,0,0,0,0,0,0,0,0,0,0,0
36081009800,0,4,-1,1,0,0,-1,0,0,0,0,1,1
36081009700,4,1,5,2,0,2,5,0,1,0,0,9,6
36081009600,1,0,1,-1,1,0,0,0,1,1,1,0,0
36081009500,1,0,0,-1,2,1,0,0,4,1,0,0,0
36081009400,1,0,0,1,0,0,1,1,2,-1,0,0,1
36081009100,1,0,-2,14,-1,0,1,6,3,10,0,2,2
36081008800,2,8,0,6,3,12,13,1,1,6,1,7,27
36081008700,32,0,0,0,-1,-2,15,-1,0,405,-2,46,162
36081008600,0,0,0,1,1,1,11,0,0,0,2,0,0
36081008500,-6,-1,0,1,-4,-2,-2,1,-8,-1,0,-3,0
36081008300,143,0,3,3,15,-2,39,9,0,0,32,56,-3
36081008100,85,0,0,75,0,80,0,25,102,8,0,30,534
36081007900,0,33,65,-2,-1,17,50,18,52,80,10,52,33
36081007700,-1,32,6,-1,214,0,21,1,104,-3,-1,8,23
36081007500,-2,16,-2,16,2,29,21,10,0,-2,-5,23,135
36081007300,93,11,19,20,20,-3,10,68,-6,-11,0,66,61
36081007100,40,70,14,31,3,-1,8,-5,7,62,23,17,26
36081006900,79,24,42,32,14,22,104,66,48,20,21,41,16
36081006502,76,9,18,10,38,-1,22,14,20,0,28,-1,0
36081006501,2,12,0,-1,1,0,0,-2,23,14,-2,22,23
36081006300,22,41,3,3,8,3,-5,11,17,-3,34,10,17
36081006202,3,0,-3,-2,0,1,0,0,0,1,0,-1,0
36081006201,0,0,0,0,6,0,0,0,0,1,0,0,0
36081006100,175,11,96,-3,5,17,127,26,4,9,47,0,3
36081005900,13,2,-1,5,-2,8,0,-5,3,14,0,2,-3
36081005800,0,-1,0,0,0,2,1,1,0,0,0,0,0
36081005700,1,0,0,1,-4,0,33,2,0,64,0,0,0
36081005500,-1,0,-2,0,0,0,0,0,179,43,0,77,96
36081005400,2,0,0,0,0,2,0,0,1,0,0,0,2
36081005300,23,63,0,15,-1,-1,3,8,63,-5,0,21,1
36081005200,0,6,0,0,1,0,0,4,6,7,0,0,4
36081005100,0,27,0,-1,78,-3,-4,0,31,63,-2,-4,266
36081005000,0,0,0,0,0,0,0,0,0,0,0,0,0
36081004700,1,2,0,1,0,0,1,-1,0,0,0,0,0
36081004500,1,0,0,4,0,0,0,0,0,0,35,0,1
36081004401,5,5,0,0,0,1,1,2,0,0,0,0,0
36081004300,0,0,-1,17,-2,0,-3,0,0,0,0,0,0
36081004200,0,-1,1,8,1,0,1,0,1,1,0,20,0
36081004002,0,-2,0,-2,1,4,-1,0,0,0,4,0,-4
36081004001,0,0,0,0,-1,0,4,0,4,0,0,-1,-2
36081003900,-2,0,0,0,0,0,0,2,0,0,3,3,0
36081003800,1,5,-1,0,0,0,0,1,0,-5,-2,4,0
36081003700,0,0,0,0,0,0,0,0,0,0,0,0,0
36081003600,0,0,4,3,0,6,1,0,0,0,1,0,1
36081003400,0,0,-2,1,1,1,1,0,0,3,0,0,1
36081003302,0,0,1,1,-1,0,0,57,37,39,0,1,-1
36081003301,0,83,-8,220,87,429,340,164,757,90,0,990,30
36081003200,5,1,0,0,0,0,1,0,0,0,2,0,0
36081003100,0,-1,2,-8,7,-2,-3,448,21,14,46,121,7
36081003000,0,0,0,1,0,0,1,1,1,1,2,0,0
36081002800,9,0,0,0,0,0,0,0,2,0,0,1,-2
36081002600,0,6,1,0,0,0,0,1,0,0,0,1,0
36081002500,0,0,0,0,0,0,0,0,0,0,0,0,0
36081002400,0,0,0,0,0,0,0,0,0,0,0,0,0
36081002200,0,0,0,0,1,0,0,1,0,0,0,1,0
36081002000,0,1,0,0,1,0,0,0,0,0,0,0,0
36081001903,75,0,0,709,-2,-3,470,0,34,111,31,832,0
36081001902,8,-1,0,182,118,22,409,2655,2130,494,-4,123,-14
36081001901,0,0,0,0,188,-12,175,0,0,180,38,1276,34
36081001800,3,0,0,-1,0,2,0,0,0,0,0,1,0
36081001600,0,0,0,0,1,1,0,0,1,0,0,0,0
36081001400,-1,0,2,3,1,2,0,0,0,0,0,0,0
36081001200,1,0,0,0,0,0,0,1,0,0,1,0,1
36081001000,0,1,0,1,0,0,0,1,-2,1,0,0,0
36081000800,0,0,0,0,0,0,-3,0,0,0,7,0,0
36081000702,9,7,58,183,59,20,138,76,56,218,97,107,15
36081000701,89,77,0,46,-2,0,21,6,206,45,8,-6,98
36081000600,-1,10,0,0,0,0,0,1,0,0,0,0,1
36081000400,-1,3,0,0,0,4,-2,1,4,-18,0,0,5
36081000200,0,0,0,-1,0,0,0,0,0,-1,0,0,0
36081000104,0,0,0,0,0,0,0,0,0,0,0,0,0
36081000103,0,0,0,0,0,0,0,0,0,0,0,0,0
36081000102,0,0,712,820,584,0,0,0,0,0,0,0,0
36081000101,0,83,0,199,0,925,0,0,0,10,0,1194,1132
36047152200,0,0,0,0,0,-3,0,0,58,-3,10,0,0
36047150200,0,3,0,0,-2,0,-2,2,1,8,27,13,17
36047123700,16,54,4,53,23,-3,45,83,13,48,123,137,80
36047122000,0,-1,9,1,3,7,33,0,13,5,2,234,11
36047121400,0,0,0,0,0,0,0,0,0,0,0,0,0
36047121000,0,0,0,0,0,0,0,0,0,0,0,0,0
36047120803,11,196,0,0,-5,6,0,0,0,0,0,-1,0
36047120802,0,0,0,0,0,0,0,0,0,0,0,0,0
36047120801,7,1,1,0,0,-1,0,0,1,0,0,2,0
36047120200,0,0,0,0,0,0,0,0,0,0,0,1,0
36047120000,2,0,0,128,0,0,0,0,0,-1,0,0,0
36047119800,-1,0,-1,-1,1,-2,-2,1,-10,-6,5,218,68
36047119600,44,7,0,-1,-2,1,-2,3,2,1,41,0,0
36047119400,2,2,0,0,0,2,0,0,0,1,6,2,0
36047119200,49,2,0,5,-6,6,0,2,0,-1,88,4,11
36047119000,1,0,5,-6,0,0,-2,-2,0,0,0,0,4
36047118800,1,0,1,1,-2,0,-3,0,0,0,0,2,0
36047118600,1,8,0,0,0,0,0,-2,0,-2,2,7,-1
36047118400,0,-1,-3,1,0,0,0,1,0,0,1,1,1
36047118202,0,0,0,0,0,0,0,2,12,0,0,0,0
36047118201,6,1,0,-1,1,0,0,0,0,0,0,0,0
36047118000,0,0,0,0,0,0,0,0,0,0,0,0,0
36047117800,0,0,0,0,1,0,0,0,0,0,0,0,274
36047117602,1,0,0,1,0,0,0,9,1,-1,-2,0,0
36047117601,0,0,0,0,0,0,0,0,0,0,0,0,0
36047117400,0,1,-1,0,0,0,0,6,0,0,1,-2,0
36047117202,-1,0,0,0,0,0,3,0,1,0,0,0,-2
36047117201,0,0,0,0,0,0,0,0,0,0,0,0,0
36047117000,0,1,0,6,0,0,0,0,-2,13,1,0,0
36047116800,4,0,0,0,0,3,0,0,9,-6,108,20,0
36047116600,4,0,0,2,-2,0,3,1,60,4,32,34,7
36047116400,0,0,2,2,12,0,5,2,0,0,1,6,3
36047116200,0,1,0,0,0,0,3,0,0,0,0,2,2
36047116000,1,0,-1,0,8,0,0,0,0,1,-4,7,0
36047115800,0,1,0,-2,1,0,0,24,1,3,2,8,11
36047115600,1,0,3,0,0,0,-1,0,0,-2,0,1,5
36047115200,12,-1,0,0,0,9,0,8,-2,0,0,7,16
36047115000,10,2,11,0,11,0,0,0,0,15,0,0,0
36047114600,0,0,6,13,3,-1,2,0,-2,-1,0,10,-4
36047114400,2,0,-2,2,0,0,0,-5,-1,-2,0,1,0
36047114202,0,0,0,0,0,0,0,0,0,-1,0,0,0
36047114201,0,0,2,4,2,0,0,54,0,0,4,0,0
36047113400,0,96,0,0,0,0,0,0,0,0,0,12,-2
36047113200,0,0,0,0,4,3,0,0,0,184,174,28,18
36047113000,0,0,0,0,0,54,90,0,0,68,0,0,73
36047112800,6,3,0,0,0,0,0,1,5,0,20,1,3
36047112600,0,0,79,0,0,52,84,0,0,7,2,1,-2
36047112400,88,2,11,0,0,0,0,16,0,2,0,0,0
36047112200,2,27,2,0,0,53,8,0,0,0,0,2,2
36047112000,2,0,-1,-1,0,0,-1,0,1,1,-2,2,0
36047111800,-2,0,0,2,2,3,4,0,0,1,0,0,0
36047111600,0,2,0,2,-1,1,1,1,-1,0,0,6,0
36047111000,0,0,0,0,0,0,0,0,0,0,0,0,0
36047110600,0,0,0,0,0,81,0,240,0,0,0,0,0
36047110400,0,0,0,-2,0,8,2,0,0,0,0,0,0
36047109800,0,12,4,0,0,2,8,0,0,0,0,37,0
36047107800,0,0,0,0,1,0,0,0,0,0,1,0,0
36047107003,0,0,0,0,0,0,0,0,0,0,0,0,0
36047107002,0,0,0,0,0,0,0,0,0,0,0,0,0
36047107001,159,18,197,66,0,175,171,197,25,245,741,662,0
36047105804,0,0,0,0,0,0,174,0,0,0,0,0,0
36047105801,0,0,0,0,0,0,0,0,0,0,0,0,0
36047103402,0,0,0,0,0,0,0,0,0,0,0,0,0
36047103401,0,0,0,0,0,0,0,0,0,0,0,0,0
36047102802,0,0,0,0,0,0,0,0,0,0,0,0,0
36047102801,0,0,0,2,-1,1,0,0,0,0,6,0,0
36047102600,0,0,1,0,0,0,0,0,0,0,0,0,0
36047102400,0,0,0,0,2,0,0,0,0,0,0,0,0
36047102200,1,0,0,0,0,0,-1,0,4,0,0,0,0
36047102000,0,0,6,0,0,0,0,0,0,0,0,0,0
36047101800,0,0,0,0,0,0,0,0,0,0,0,0,-1
36047101600,0,0,0,0,0,0,0,0,0,0,0,0,0
36047101400,0,0,0,0,0,0,0,0,0,0,0,0,0
36047101200,0,0,0,0,0,0,0,0,0,0,0,0,0
36047101000,5,0,0,0,2,0,0,0,0,0,0,0,0
36047100800,0,0,0,0,0,0,0,0,0,0,0,1,0
36047100600,0,0,0,0,0,0,0,0,0,0,0,0,0
36047100400,0,0,0,0,0,0,0,0,0,0,0,0,0
36047099800,0,0,0,1,0,0,0,0,0,0,0,0,0
36047099600,18,0,-1,2,2,2,0,0,4,0,0,0,0
36047099400,0,0,-2,-1,0,0,24,-1,1,0,0,1,0
36047099200,0,0,1,0,0,0,0,0,0,0,0,0,-1
36047099000,0,0,0,0,0,0,0,0,0,0,0,0,0
36047098800,0,0,1,0,-2,0,0,1,0,0,0,0,0
36047098600,0,0,0,0,0,0,0,0,0,0,0,0,0
36047098400,0,0,6,0,0,0,4,0,0,0,0,0,0
36047098200,0,0,0,0,0,0,0,0,0,0,0,0,0
36047097400,0,20,0,0,0,0,1,1,2,1,-2,0,0
36047097000,0,0,0,0,2,0,0,4,0,0,0,0,0
36047096800,-2,0,0,1,0,0,0,3,0,0,0,0,0
36047096600,0,10,0,0,0,0,0,1,0,0,0,0,0
36047096400,0,0,0,0,2,0,0,0,-6,0,0,2,-2
36047096200,0,1,0,0,0,0,0,0,0,2,0,0,2
36047096000,0,0,0,0,0,0,0,0,-1,0,0,0,0
36047095800,0,0,4,0,27,4,0,0,0,3,0,0,0
36047095600,0,0,0,0,0,0,0,0,0,0,0,0,0
36047095400,0,0,0,0,0,0,2,0,0,0,0,0,0
36047095000,-1,4,37,0,2,0,-1,0,24,0,0,0,0
36047094600,0,1,0,0,0,0,0,0,0,0,0,0,1
36047094402,0,0,0,0,0,0,0,0,0,0,0,0,0
36047094401,0,0,0,0,0,0,0,1,1,0,0,0,0
36047093800,0,0,0,0,-1,0,0,0,0,0,0,0,0
36047093600,0,2,0,0,0,0,0,0,0,1,0,-1,0
36047093400,0,0,0,0,0,0,0,0,0,1,0,0,0
36047093200,0,0,0,0,0,0,0,0,0,0,0,0,0
36047093000,2,0,1,0,1,0,0,0,0,0,0,0,0
36047092800,0,8,0,0,0,0,0,1,0,0,0,0,1
36047092400,0,-2,0,0,3,0,0,0,6,-2,0,0,174
36047092200,0,0,0,1,0,0,0,0,0,0,69,0,0
36047092000,104,2,0,-13,-12,0,2,0,0,0,0,327,0
36047091800,0,1,0,0,0,0,0,0,0,0,-1,10,0
36047091600,54,3,6,115,66,0,0,0,0,0,0,0,174
36047091200,0,0,0,0,0,0,0,0,0,0,0,0,0
36047091000,0,0,0,0,-3,0,0,101,0,0,0,180,0
36047090800,0,0,0,-1,0,0,0,161,0,0,0,0,8
36047090600,0,3,0,-1,-2,0,0,0,0,0,0,0,22
36047090200,0,0,1,0,0,0,5,0,0,0,-1,12,7
36047090000,0,4,6,0,0,0,2,0,-1,10,0,0,3
36047089800,3,0,0,0,0,2,0,0,0,1,0,1,15
36047089600,0,6,161,0,0,0,0,0,0,-1,0,6,160
36047089400,0,-1,0,1,0,0,-1,0,0,8,129,0,0
36047089200,0,0,4,0,0,0,0,0,0,0,0,0,10
36047089000,6,0,0,0,0,0,0,0,0,0,0,9,0
36047088800,0,0,-2,0,0,0,0,0,0,0,0,0,0
36047088600,1,0,0,0,0,0,0,0,2,0,0,1,0
36047088400,0,0,0,0,0,0,0,0,0,0,6,0,0
36047088200,0,0,0,1,0,-1,0,0,0,0,0,0,1
36047088002,0,0,-1,0,0,0,0,44,0,-2,0,0,14
36047088001,1,0,0,0,0,0,0,1,66,0,0,-5,-4
36047087800,-1,0,0,0,1,0,0,5,0,0,2,0,0
36047087600,0,0,91,-1,1,0,16,0,0,100,0,5,0
36047087401,13,-1,-2,0,0,-5,-2,12,6,1,13,16,11
36047087200,0,1,0,0,0,1,0,0,1,0,0,0,0
36047087000,0,0,0,0,0,0,0,0,0,0,0,0,0
36047086800,0,0,0,0,0,0,0,0,-1,0,0,0,0
36047086600,4,3,0,0,0,0,3,0,0,0,10,5,0
36047086400,3,0,0,15,0,0,0,2,0,0,0,0,-1
36047086200,0,0,10,0,0,0,0,0,0,0,7,0,0
36047086000,7,1,0,0,0,0,0,0,0,0,0,0,0
36047085800,14,1,0,-1,3,0,0,0,0,0,0,0,0
36047085600,2,2,0,0,0,0,0,-2,0,0,0,2,0
36047085400,0,8,0,1,0,0,0,0,0,-1,0,0,0
36047085200,0,0,0,0,0,0,0,0,0,0,0,0,0
36047085000,14,0,0,0,0,0,1,0,0,0,0,0,0
36047084800,1,0,0,0,0,0,0,0,0,0,0,0,0
36047084600,0,0,0,0,-1,0,0,0,4,0,0,0,0
36047084000,0,0,0,0,0,0,0,0,0,0,0,0,0
36047083800,0,0,0,0,0,0,0,0,2,1,0,0,0
36047083600,0,0,1,0,1,0,0,0,0,0,0,0,0
36047083400,0,1,0,0,0,0,0,0,0,0,0,0,0
36047083200,0,0,0,0,0,0,0,0,0,-5,44,0,0
36047083000,0,1,0,0,-1,-1,0,0,-7,44,41,30,7
36047082800,0,0,0,10,0,0,1,16,-5,4,42,9,6
36047082600,0,1,0,0,0,4,0,2,-3,9,29,-2,13
36047082400,0,0,-1,0,-2,-2,-6,30,19,92,16,337,99
36047082200,0,0,7,-2,-4,-5,-4,80,63,524,87,70,203
36047082000,-1,0,0,1,-4,60,1,60,65,115,38,0,0
36047081800,35,0,0,0,0,-4,-5,-3,243,27,289,-3,155
36047081600,-1,0,0,0,0,0,0,0,0,-1,0,0,0
36047081400,0,0,3,0,0,3,0,0,0,2,0,0,-2
36047081000,0,24,0,0,8,7,90,1,0,2,20,49,6
36047080800,0,0,0,209,0,0,293,0,0,0,0,0,0
36047080600,-2,8,-1,-4,8,11,19,13,43,27,17,7,29
36047080400,0,0,0,0,0,8,85,-7,0,15,39,43,-2
36047080200,-1,-2,1,6,6,-2,37,16,47,29,43,1,10
36047080000,5,0,0,-1,22,-1,12,-2,5,6,0,8,7
36047079802,0,0,20,2,0,0,254,0,7,5,8,5,0
36047079801,0,0,0,0,0,0,0,0,0,0,0,-1,1
36047079602,0,29,0,-9,-1,-4,-3,69,0,-2,31,167,100
36047079601,20,0,0,0,0,-2,0,0,38,-2,51,1,0
36047079400,0,0,0,3,49,65,0,-2,42,-1,18,6,27
36047079202,0,0,0,0,-1,8,0,8,0,57,9,53,0
36047079201,0,2,0,0,0,0,1,0,0,28,0,25,23
36047079002,0,2,-1,0,-1,0,0,0,0,2,23,8,34
36047079001,0,0,0,3,0,0,0,1,-2,-3,19,26,0
36047078802,0,0,0,0,0,0,0,0,0,-3,1,95,53
36047078801,0,0,0,0,0,0,-3,0,0,36,123,20,-9
36047078602,2,0,0,0,0,-1,-2,-10,16,62,16,71,12
36047078601,0,0,0,0,0,0,-2,-2,4,0,16,16,-5
36047078400,0,0,0,0,0,0,-3,-7,9,55,24,41,88
36047078200,0,0,0,0,0,-3,0,-1,-1,-2,7,16,70
36047078000,0,0,0,0,0,0,1,0,0,0,0,0,0
36047077600,28,0,0,0,0,0,0,0,0,-3,0,0,0
36047077400,0,45,0,-1,0,0,0,-6,0,-1,0,0,6
36047077200,-1,-1,-1,-2,0,0,0,0,1,1,-4,1,0
36047077000,213,3,0,0,2,0,0,0,0,-2,25,0,45
36047076800,-1,0,-1,0,0,-2,-2,56,-12,314,3,-3,0
36047076600,0,0,0,-1,-2,0,0,22,0,0,0,0,0
36047076400,0,65,0,2,0,0,26,116,0,0,0,0,2
36047076200,0,0,0,0,0,0,-2,8,-24,1,0,0,-1
36047076000,1,0,0,0,0,0,0,0,-4,0,0,49,0
36047075800,1,-1,0,0,0,0,0,0,0,86,0,0,1
36047075600,0,0,-2,-2,-1,0,0,0,0,0,0,-1,0
36047075400,0,0,1,0,0,-2,-1,0,-1,0,0,-1,-1
36047075200,1,0,1,0,0,-1,0,-2,0,0,-2,0,0
36047075000,2,0,-2,-1,0,-2,0,-4,0,3,-1,0,0
36047074800,0,1,-1,-1,-4,0,0,0,0,-1,0,0,0
36047074600,0,0,0,0,0,0,0,0,-1,0,-3,-1,-2
36047074400,1,-1,-2,-1,0,-4,-1,-1,1,0,1,-1,0
36047074200,0,0,0,0,-3,2,-2,0,0,0,-1,0,-1
36047074000,0,-1,0,0,0,0,-2,0,0,2,0,0,0
36047073800,0,1,0,0,1,0,0,0,0,0,0,0,1
36047073600,-1,1,0,0,0,0,0,0,0,1,1,0,1
36047073400,-1,3,0,-2,0,0,0,0,0,0,0,0,0
36047073200,1,0,3,0,0,0,0,0,0,0,0,1,0
36047073000,0,0,0,1,0,0,0,0,1,0,0,0,0
36047072800,0,0,0,0,0,0,0,0,0,0,0,0,0
36047072600,0,0,0,0,0,1,0,1,0,1,0,0,0
36047072400,0,0,0,0,0,0,0,0,0,0,0,0,0
36047072200,1,0,0,2,1,0,0,0,0,0,0,0,0
36047072000,0,0,0,0,0,0,0,0,0,0,0,0,0
36047070601,2,-2,1,-2,1,0,-1,-1,1,10,0,2,0
36047070201,-1,-2,-1,-1,0,0,0,-1,1,-1,-1,0,1
36047070000,0,0,0,0,0,0,0,0,0,1,-1,0,-2
36047069800,1,0,0,0,1,0,0,0,0,0,0,0,0
36047069602,0,0,0,0,0,0,0,0,0,0,0,7,0
36047069601,0,0,0,0,0,0,0,0,0,2,0,0,0
36047069200,0,0,0,0,0,0,0,0,0,0,0,0,0
36047069000,0,0,0,0,0,0,0,0,0,0,0,0,0
36047068800,0,9,0,0,0,0,1,0,0,0,0,0,1
36047068600,0,0,0,0,0,0,0,0,0,0,0,0,0
36047068200,0,1,9,-1,0,0,0,4,4,2,0,1,0
36047068000,0,0,0,0,0,0,4,0,0,0,0,0,0
36047067800,0,1,1,0,-1,0,0,0,0,9,1,1,0
36047067600,0,3,0,0,0,0,0,0,0,0,0,0,4
36047067400,-1,0,0,0,0,0,0,0,0,0,0,0,0
36047067200,0,0,0,0,0,0,1,0,0,0,0,0,0
36047067000,0,0,0,0,0,0,0,0,0,0,0,0,0
36047066200,0,1,3,0,0,-1,-3,0,6,0,0,-1,1
36047066000,0,0,0,1,0,0,0,0,0,0,0,0,0
36047065800,3,0,1,0,0,0,3,0,0,0,0,1,0
36047065600,0,0,0,1,0,0,0,0,0,0,0,0,0
36047065400,0,-1,0,0,0,0,0,0,0,0,0,0,0
36047065200,0,0,0,0,-1,0,0,0,0,0,0,0,0
36047065000,0,0,0,0,0,0,0,0,0,0,0,0,1
36047064800,1,-1,0,0,-1,0,0,-1,-2,0,0,-3,0
36047064600,0,-1,-1,0,0,0,0,0,0,0,1,0,0
36047064400,0,1,-1,0,-1,0,0,0,0,0,0,19,0
36047064200,0,0,0,47,-2,0,0,0,29,0,0,0,-2
36047064000,-1,0,0,0,0,0,0,0,0,0,0,0,0
36047063800,0,0,0,0,0,1,0,0,0,0,0,0,0
36047063600,0,0,0,0,0,0,0,0,0,1,0,0,0
36047063200,0,8,0,0,0,0,0,0,0,0,0,-1,9
36047062600,0,0,0,0,0,0,0,0,0,0,0,0,0
36047062200,4,30,11,1,-1,-2,-1,-23,-6,0,23,0,1
36047062000,3,0,5,-1,-1,-1,-2,0,1,-2,6,0,-1
36047061600,-2,-5,4,-1,-1,1,0,-2,-2,-2,0,-3,3
36047061200,2,-1,-1,-25,2,25,-1,6,-1,-1,-3,-1,-2
36047061004,0,0,1,0,-5,1,48,4,0,12,0,-5,-2
36047061003,-1,0,1,0,0,0,78,0,0,0,0,0,0
36047061002,0,1,0,0,62,1,0,0,1,1,0,0,0
36047060800,0,0,0,42,9,0,-5,57,11,1,0,27,18
36047060600,0,4,-2,0,0,-1,5,234,3,2,0,12,0
36047060000,3,3,4,8,-2,50,5,26,15,11,-3,10,0
36047059800,0,0,0,0,0,0,0,0,0,0,0,0,0
36047059600,0,6,1,0,0,0,0,0,0,0,0,0,0
36047059404,-7,2,5,1,0,0,0,0,0,1,1,0,-1
36047059403,10,0,1,1,0,1,0,0,0,2,0,60,1
36047059402,0,0,-2,0,-1,9,1,4,0,1,1,0,1
36047059300,0,2,0,0,0,2,21,-1,16,0,7,0,-1
36047059200,10,0,-3,-1,0,1,0,27,0,0,2,28,0
36047059100,8,6,0,29,0,0,-1,26,-1,0,0,-1,11
36047059000,2,0,3,0,3,0,3,-1,1,1,0,-3,6
36047058902,0,0,0,0,0,0,0,0,0,0,0,0,0
36047058901,-1,0,17,0,0,8,-1,-1,6,-2,0,0,9
36047058800,-1,4,6,0,0,-2,9,0,1,7,10,0,1
36047058600,0,0,0,1,0,1,0,2,-1,0,0,0,1
36047058400,0,2,0,0,0,1,-1,0,0,-1,0,0,-1
36047058200,0,1,0,1,5,0,0,-2,14,4,1,0,0
36047058000,0,0,0,0,0,12,0,-2,0,-1,0,-2,0
36047057902,0,0,0,0,0,0,0,0,0,-1,0,0,0
36047057901,8,0,0,22,0,0,43,25,14,8,6,0,16
36047057800,-1,-2,0,1,1,-6,-2,53,29,29,0,33,-5
36047057600,0,0,0,0,0,0,0,0,0,2,1,0,0
36047057500,65,56,14,6,73,23,0,5,271,42,101,12,29
36047057400,0,1,0,0,0,1,0,0,0,0,0,0,0
36047057300,17,0,0,23,18,2,-1,-2,-2,-2,3,-1,24
36047057200,0,0,0,0,0,0,0,0,0,0,0,0,0
36047057100,32,1,8,6,8,8,-5,9,2,1,23,26,-6
36047057000,0,0,0,0,0,0,0,-2,0,9,2,0,0
36047056900,5,6,6,-2,1,-2,-2,28,13,54,5,0,4
36047056800,0,1,0,0,-1,-1,0,0,0,12,0,0,1
36047056600,0,2,0,0,0,0,0,0,0,0,2,0,0
36047056500,108,-1,49,12,11,-1,14,82,7,6,10,-5,95
36047056400,0,0,0,0,0,0,0,0,0,0,1,0,0
36047056302,0,0,0,0,210,0,191,103,949,0,421,0,1163
36047056301,0,7,8,50,-4,12,31,34,8,22,18,70,24
36047056200,0,0,-1,0,0,-1,-1,0,-1,0,0,0,0
36047056100,8,1,0,-2,1,4,10,93,4,1,0,212,31
36047056000,1,-3,0,-2,2,0,6,21,29,0,105,-1,0
36047055800,3,-2,14,0,1,0,0,0,0,2,-1,6,5
36047055700,186,62,-1,38,-4,-2,36,0,0,47,0,0,1
36047055600,-1,2,-1,-4,-2,-1,-1,-1,0,0,1,-1,0
36047055500,1577,188,28,286,95,599,183,536,93,-16,104,-2,14
36047055400,9,0,0,0,8,-1,-2,35,4,-2,-2,43,0
36047055300,3,94,101,9,91,9,5,-3,0,5,49,-5,7
36047055200,0,12,0,0,10,1,0,0,-4,0,47,22,1
36047055100,29,42,35,33,8,8,7,555,127,365,0,-1,2
36047055000,18,12,12,-3,-6,-10,15,37,61,11,48,1,83
36047054900,54,163,172,275,37,8,87,26,55,257,42,-1,0
36047054800,51,0,0,0,0,0,0,0,-1,0,0,0,-1
36047054700,68,0,2,9,0,159,216,172,41,622,1,0,0
36047054600,25,9,3,14,-8,10,7,125,46,-7,5,79,52
36047054500,0,0,0,0,0,0,0,0,0,0,0,0,0
36047054400,0,-3,-1,10,2,0,0,0,0,0,-1,22,0
36047054300,0,0,0,0,0,0,-6,-1,0,0,0,-1,0
36047054200,2,5,0,0,0,0,0,0,0,0,0,0,0
36047053900,0,0,0,0,0,0,0,0,0,0,0,0,0
36047053800,7,6,0,4,9,12,-4,82,0,63,42,27,34
36047053700,11,0,0,10,0,2,99,-1,0,1,10,0,0
36047053500,0,0,4,0,1,0,12,4,-3,0,4,-1,12
36047053400,0,0,0,0,0,0,0,0,0,0,0,0,7
36047053300,1,6,0,0,1,0,11,-1,6,0,4,-6,0
36047053200,0,0,0,-1,0,-1,-1,11,0,0,0,0,0
36047053102,83,67,11,8,4,22,16,6,24,19,0,1,0
36047053101,30,28,14,0,2,-7,1,-3,2,1,3,-2,0
36047053000,4,0,0,0,-2,1,-1,0,0,0,-2,-1,0
36047052900,1,-3,0,12,0,-15,3,-1,0,0,29,-2,1
36047052800,0,0,0,0,0,0,0,0,0,0,0,0,0
36047052700,4,32,2,6,47,31,20,0,9,36,16,69,0
36047052600,0,0,0,14,1,0,-2,0,-1,0,0,0,62
36047052500,6,2,-5,0,0,0,95,0,34,0,177,0,0
36047052300,45,0,2,18,5,10,13,38,8,8,14,8,0
36047052000,0,0,2,0,0,1,0,0,0,0,0,0,-4
36047051900,76,67,346,92,250,346,141,8,6,79,39,150,55
36047051800,19,0,0,0,-4,-2,33,0,12,48,-4,0,0
36047051700,12,81,15,351,62,14,-2,59,49,15,0,-2,44
36047051602,4,0,1,0,0,0,-2,0,-3,15,0,1,0
36047051601,0,0,0,0,-1,0,8,0,25,-4,0,12,0
36047051500,23,109,1,153,188,55,69,10,-3,-2,17,3,3
36047051400,17,0,0,-1,0,8,0,2,38,0,72,0,0
36047051300,128,5,112,67,65,-2,33,79,379,95,38,58,45
36047051200,0,0,0,0,0,0,0,0,0,0,0,77,-1
36047051100,21,-6,75,102,15,67,10,0,5,13,29,6,65
36047051002,0,0,8,0,0,-2,-5,0,75,33,2,108,0
36047051001,-2,0,4,0,0,0,4,0,0,0,2,11,18
36047050900,0,4,1,83,0,-2,108,3,148,2,3,3,11
36047050804,0,53,0,0,122,0,0,131,0,1,0,5,2
36047050803,1,0,0,15,0,-4,0,23,0,24,0,257,0
36047050801,0,0,0,0,0,0,0,0,43,0,0,18,0
36047050700,35,-1,0,14,17,15,34,6,72,71,51,-3,157
36047050600,0,0,0,0,-1,0,3,0,0,-4,-2,15,0
36047050500,32,58,24,21,57,14,25,92,8,33,10,4,55
36047050402,0,0,0,0,0,-1,-2,-1,0,12,0,3,1
36047050401,0,0,-1,0,126,73,0,0,0,-3,0,0,0
36047050300,28,14,0,19,40,47,0,-3,0,8,19,20,9
36047050202,0,9,-1,0,0,0,0,-2,0,-1,1,0,-2
36047050100,18,14,14,0,75,8,-8,38,2,49,8,1,10
36047050002,0,0,-1,1,0,26,0,-1,0,0,0,0,0
36047050001,0,0,0,0,6,0,0,0,0,5,0,12,-2
36047049900,64,0,9,-1,10,-3,49,59,23,1,103,14,42
36047049800,0,1,1,0,0,0,0,0,0,-2,-2,0,6
36047049700,31,94,0,15,4,0,-1,137,8,2,38,24,10
36047049600,1,0,0,0,0,0,1,-2,1,0,1,0,0
36047049500,8,3,67,0,4,9,68,41,75,8,8,8,4
36047049400,4,-1,0,0,1,0,13,1,0,14,1,2,0
36047049302,42,72,37,24,0,5,14,41,7,69,138,-2,6
36047049301,0,0,0,0,0,0,0,0,0,0,0,0,0
36047049200,0,0,1,1,0,-8,-3,-4,0,-8,12,6,5
36047049100,8,9,8,0,10,3,26,2,45,21,0,71,10
36047049000,0,0,3,0,0,20,0,1,-2,0,-1,0,0
36047048900,0,0,0,0,0,0,0,0,0,0,0,0,0
36047048800,0,0,0,0,0,-2,0,2,0,0,0,0,0
36047048600,-1,0,0,0,0,1,1,-3,0,0,0,-1,0
36047048500,-2,0,0,40,0,0,27,0,18,26,0,2,1
36047048400,0,7,3,0,1,-2,6,60,-1,0,0,35,0
36047048200,-6,-3,0,0,-2,6,-5,0,56,63,43,23,0
36047048100,25,16,22,16,14,-3,13,94,11,50,78,5,-4
36047048000,12,-3,-1,0,1,0,-2,-1,12,0,0,0,-1
36047047800,0,8,-5,-4,-1,3,13,1,13,24,-1,-2,1
36047047700,147,53,1,40,14,176,13,32,27,49,20,3,15
36047047600,0,5,5,2,0,0,1,-3,1,19,1,-1,-1
36047047400,-1,2,-5,0,-2,-6,-2,3,1,3,1,1,0
36047047200,1,3,0,2,-3,0,3,8,-3,-5,-1,0,-3
36047047000,2,-1,0,-1,-4,5,-1,1,2,0,30,0,-1
36047046800,17,3,-2,0,-1,12,0,-3,-4,0,3,20,-2
36047046400,-2,-1,3,0,-3,0,0,4,5,-1,164,-4,1
36047046202,-3,1,1,0,-1,0,0,0,0,0,0,-2,0
36047046201,0,0,-1,0,15,0,-1,0,1,0,0,0,-5
36047046000,0,-1,1,0,0,0,0,12,1,0,0,0,38
36047045800,-1,4,0,0,-1,0,0,-2,-3,0,1,-3,-1
36047045600,1,1,0,0,-1,-1,-1,1,-1,-2,0,-1,2
36047045400,0,0,-2,0,0,1,0,0,0,-2,0,-2,0
36047045300,0,0,0,-7,-6,-1,-2,27,0,0,0,14,0
36047045200,0,-4,1,-1,-1,-3,-2,2,-2,1,-2,0,-4
36047045000,0,0,0,0,0,0,0,-1,0,0,-3,0,0
36047044902,0,0,0,0,0,0,6,0,0,0,0,0,0
36047044901,0,0,0,0,1,0,0,0,0,0,0,0,0
36047044800,-3,-2,0,19,0,0,0,-2,0,0,10,12,0
36047044700,0,0,0,0,2,1,0,-3,5,0,9,-1,24
36047044600,0,0,0,0,0,-1,0,0,0,1,1,18,0
36047044500,6,0,4,0,0,14,60,16,0,9,28,-1,10
36047044400,1,-2,-1,0,-2,0,5,0,0,-2,-1,2,-3
36047044300,57,-2,0,-2,1,8,-8,6,81,23,41,-2,19
36047044200,-2,1,0,-3,0,1,-1,2,1,0,4,-1,-2
36047044100,0,0,0,1,0,9,-2,17,8,22,0,68,3
36047044000,4,-2,0,0,0,-3,-1,4,12,0,0,0,-1
36047043900,6,0,0,0,0,3,16,24,35,8,14,12,137
36047043800,33,0,1,0,-1,-1,0,-1,0,0,47,0,0
36047043700,61,0,3,4,41,19,-2,17,42,31,15,2,16
36047043600,1,0,0,1,0,0,0,0,0,0,0,0,-1
36047043500,8,5,0,0,0,-2,0,17,12,24,17,2,18
36047043400,16,0,0,6,1,0,24,0,75,0,0,0,0
36047043300,3,0,21,4,0,0,10,3,13,8,23,40,0
36047043200,34,3,-1,2,0,0,2,0,6,0,0,1,-1
36047043100,-1,0,-2,0,33,0,15,19,1,5,0,3,51
36047043000,10,0,0,0,0,0,0,0,0,0,0,0,0
36047042900,0,50,-2,12,60,5,-7,3,-1,3,91,14,7
36047042800,0,1,0,0,-4,0,0,0,19,0,0,0,62
36047042700,21,41,25,32,-3,9,17,21,37,5,0,9,3
36047042600,-3,0,0,1,0,-3,0,-1,0,30,0,26,4
36047042500,41,1,1,4,0,8,-9,20,16,15,25,16,0
36047042400,37,-1,0,16,1,-2,0,0,0,0,0,0,0
36047042300,37,12,0,2,11,33,37,71,42,47,24,66,4
36047042200,1,-3,-2,-1,1,0,1,0,-2,24,-2,2,1
36047042100,6,16,17,0,4,9,33,60,62,27,16,7,17
36047042000,-1,-1,-2,1,1,2,0,-1,-1,0,0,0,-1
36047041900,3,0,9,8,-3,11,9,12,13,25,35,0,15
36047041800,-2,1,0,0,0,0,-2,0,0,0,0,1,-1
36047041700,-1,4,0,-1,3,10,1,0,5,15,76,16,0
36047041600,0,0,-2,2,-3,0,-1,0,1,0,0,1,-5
36047041500,3,6,0,1,-8,10,5,-2,1,33,13,45,33
36047041402,-2,0,1,0,-1,0,-3,-2,-3,1,1,2,0
36047041401,1,-1,0,-3,-1,-9,1,-1,-2,-2,0,-1,-1
36047041300,0,2,2,-2,0,26,15,4,8,9,12,0,6
36047041200,24,10,1,0,0,-3,-1,0,0,0,-1,0,51
36047041100,-3,2,0,1,4,8,15,11,5,-4,9,14,24
36047041000,0,-3,0,1,0,0,-1,1,0,0,0,0,2
36047040900,8,-2,7,0,0,0,29,-2,10,0,3,1,-1
36047040800,0,0,0,0,0,0,0,0,1,0,0,0,0
36047040700,0,0,0,0,0,0,0,0,0,0,0,0,0
36047040600,0,0,0,0,0,0,0,0,0,0,0,0,0
36047040500,1,0,4,-1,14,0,0,57,18,0,0,4,1
36047040400,1,25,-2,0,6,0,0,0,0,16,0,0,-1
36047040300,87,4,0,27,0,17,1,22,19,15,51,20,2
36047040200,0,20,0,2,0,0,2,-1,1,0,0,-1,2
36047040100,1,4,2,0,8,6,9,1,35,44,9,6,0
36047040000,-1,0,0,2,0,0,0,0,0,0,1,0,5
36047039900,0,-34,0,0,0,3,-4,17,11,6,17,38,-3
36047039800,0,0,0,0,0,0,0,1,0,-1,0,0,0
36047039700,-1,0,4,28,1,2,21,55,41,18,21,1,9
36047039600,-3,28,0,1,2,0,1,-4,0,-3,0,-1,0
36047039500,3,1,5,3,18,110,33,25,106,223,4,54,29
36047039400,0,-7,-3,-1,-3,-2,-4,-3,-4,1,2,-4,-1
36047039300,52,3,44,127,0,68,26,21,5,58,60,14,76
36047039200,2,0,1,-1,0,0,-2,0,0,-1,1,-2,-4
36047039100,58,146,-1,38,60,23,44,3,1049,660,18,16,0
36047039000,1,0,0,1,-1,0,-1,-2,-2,-2,-3,0,-2
36047038900,15,5,-2,-6,4,14,57,143,17,-2,88,32,26
36047038800,-1,-3,-3,0,1,-1,0,-3,0,-2,-1,-1,0
36047038700,0,1,1,0,52,-7,55,128,111,103,9,42,67
36047038600,0,12,-2,9,0,-2,6,1,0,1,0,0,-1
36047038500,3,0,4,0,4,20,-5,16,24,51,6,11,30
36047038300,2,0,-2,4,3,0,11,11,5,25,39,17,24
36047038200,7,-1,-1,0,1,3,0,-2,2,-1,0,8,2
36047038100,33,5,1,26,5,12,10,16,17,7,0,10,0
36047037900,0,0,-2,2,6,5,0,-1,-3,0,50,12,0
36047037700,20,1,-4,0,-11,0,19,3,11,7,-3,0,4
36047037500,3,17,38,6,-2,3,73,113,38,12,6,24,12
36047037402,0,0,0,21,21,0,12,0,0,0,0,0,0
36047037401,0,1,0,16,0,0,0,0,0,0,0,0,2
36047037300,0,-2,1,-1,6,0,24,142,0,2,4,11,0
36047037100,0,-1,4,0,-1,-1,6,7,12,8,9,23,10
36047037000,0,2,0,0,-1,6,0,0,1,0,0,0,0
36047036900,3,62,3,7,48,1,8,18,38,48,9,44,70
36047036700,0,0,0,0,0,0,0,0,0,21,8,9,4
36047036600,16,-2,18,0,1,-4,0,32,-3,0,0,10,7
36047036502,12,122,-1,63,0,0,0,-3,15,3,74,203,5
36047036501,52,0,0,-3,0,0,4,9,22,0,18,0,4
36047036400,-1,21,-5,2,0,-1,-3,21,17,24,19,12,17
36047036300,2,0,2,3,0,0,158,101,134,15,7,47,8
36047036200,25,-8,63,72,11,6,-7,1,33,32,0,27,2
36047036100,0,18,10,0,0,0,0,0,3,0,0,0,21
36047036002,0,0,0,0,0,0,0,0,0,0,0,0,0
36047036001,0,0,0,0,0,0,0,0,0,0,0,0,0
36047035900,16,3,2,0,0,-2,-7,11,13,11,11,0,-2
36047035702,0,0,0,0,0,0,0,0,0,0,0,0,0
36047035701,0,0,0,0,0,0,0,0,0,7,0,2,0
36047035602,0,0,0,0,0,0,0,0,0,0,112,0,0
36047035601,0,0,0,0,0,0,0,0,0,0,0,0,0
36047035500,0,0,0,0,0,0,0,0,0,4,35,0,-5
36047035400,0,0,0,0,0,0,0,0,0,499,0,0,0
36047035302,0,0,1,2,0,0,-1,-1,-1,0,0,0,0
36047035301,4,3,4,4,0,-1,0,0,0,5,2,0,0
36047035200,-7,0,0,0,0,0,0,0,0,135,0,0,202
36047035102,0,0,0,0,-5,1,0,0,0,0,0,0,0
36047035101,0,-3,-3,0,87,0,2,0,1,0,0,0,0
36047035000,0,0,0,0,0,0,0,0,0,0,0,0,0
36047034902,0,-1,0,0,2,-9,0,98,17,0,0,-4,7
36047034901,0,0,0,0,0,0,0,0,6,5,0,27,21
36047034800,-2,-6,6,-3,-2,10,6,-12,64,106,7,-2,0
36047034700,2,2,72,3,3,0,0,0,7,18,31,62,16
36047034500,0,0,0,-1,0,-3,-1,2,0,11,30,0,6
36047034300,1,1,0,0,0,0,0,0,0,0,0,1,6
36047034200,77,0,0,200,0,0,0,3,0,0,0,0,0
36047034100,0,1,0,0,6,5,6,-1,1,0,22,0,1
36047034000,0,0,0,0,11,0,0,0,0,425,0,0,0
36047033900,1,0,0,6,0,12,0,0,7,0,10,-3,75
36047033702,0,0,0,2,0,0,4,1,0,0,0,0,-4
36047033701,0,0,-2,0,2,42,0,0,0,0,0,-4,0
36047033600,0,3,-1,-9,1,0,3,5,-2,-1,3,-4,0
36047033500,0,0,-4,0,0,0,0,0,0,-1,0,-2,0
36047033300,-1,0,0,0,0,0,0,0,0,-1,-1,0,-1
36047033100,0,0,13,0,-1,0,-4,0,-1,0,8,26,0
36047033000,0,0,0,0,0,0,0,6,0,0,0,200,0
36047032900,0,0,0,0,0,50,0,28,-2,0,-2,1,1
36047032800,0,0,0,0,0,0,0,0,0,0,0,0,0
36047032700,0,1,0,0,0,0,28,51,90,0,0,0,-1
36047032600,0,-3,20,0,-12,9,0,11,-5,0,17,462,0
36047032500,0,0,-2,0,0,-1,0,0,5,12,6,5,10
36047032300,0,0,-2,0,0,-1,0,9,19,8,2,420,0
36047032100,0,0,98,3,0,0,-3,165,0,25,0,60,0
36047031900,1,0,0,3,0,0,1,0,-1,8,6,4,0
36047031702,3,3,7,14,12,51,1,43,6,2,13,0,2
36047031701,8,1,13,1,1,0,3,1,52,12,7,4,4
36047031500,28,2,8,0,2,1,10,-9,6,29,4,5,17
36047031402,0,0,0,0,0,0,0,0,0,0,0,0,0
36047031401,36,10,-10,-2,20,13,0,-2,-9,2,6,3,14
36047031300,0,0,2,6,1,3,0,11,1,3,0,6,5
36047031100,18,0,0,3,3,-3,3,32,7,0,4,33,-1
36047030900,48,0,8,-2,1,-2,66,37,14,8,6,30,7
36047030800,6,-2,7,23,24,4,1,8,0,0,0,3,0
36047030700,0,0,-2,2,107,2,12,21,5,7,3,3,-3
36047030600,6,0,-2,0,-1,-2,-1,0,3,17,6,2,0
36047030500,46,90,331,22,16,14,153,153,22,9,30,59,0
36047030400,21,1,-6,3,0,12,0,1,0,6,-2,0,0
36047030300,72,65,27,2,0,44,80,0,2,5,17,0,1
36047030200,-2,0,11,5,0,0,-2,6,-1,-2,12,0,1
36047030100,1,0,-1,2,0,0,3,25,1,-4,0,19,289
36047030000,11,6,0,0,-1,0,9,-2,6,0,2,0,-1
36047029900,-2,0,2,0,0,5,14,4,123,12,10,29,1
36047029800,0,2,0,1,6,-1,-1,0,0,1,0,0,0
36047029700,1,3,0,2,0,3,0,-1,7,0,0,-4,2
36047029600,3,-2,5,6,-1,9,39,6,-2,-5,3,5,-1
36047029500,4,2,3,0,-5,-4,8,1,15,5,22,-2,3
36047029400,0,4,0,0,0,0,0,0,0,-4,0,0,0
36047029300,2,6,0,0,-3,16,22,0,2,0,19,1,-2
36047029200,0,16,0,-4,15,5,4,0,4,-4,0,4,0
36047029100,0,0,4,3,8,14,22,16,-3,17,7,16,10
36047029000,1,0,-2,0,-3,5,3,0,6,-1,3,4,-2
36047028900,0,21,2,6,8,6,8,14,12,19,18,6,31
36047028800,0,0,0,0,-2,2,-2,6,43,0,1,0,19
36047028700,0,0,9,6,-6,5,38,9,2,15,5,-2,190
36047028600,0,0,0,0,0,0,-2,0,0,0,0,6,-1
36047028502,0,0,0,0,0,0,0,0,0,0,0,0,0
36047028501,0,0,0,6,0,44,0,0,91,13,0,0,0
36047028400,9,1,0,0,2,0,0,7,-1,6,6,0,1
36047028300,13,-2,0,0,1,0,-1,32,35,10,6,20,1
36047028200,10,-1,0,0,1,0,1,-3,-4,-3,32,12,0
36047028100,0,0,93,57,35,0,139,53,11,37,30,0,11
36047028000,1,1,0,0,0,1,0,0,0,2,1,0,0
36047027900,4,2,23,2,1,3,14,12,9,2,9,16,5
36047027800,6,-2,14,9,-3,7,-4,-3,0,1,1,0,0
36047027700,1,0,-2,-1,0,5,7,1,6,7,0,93,8
36047027600,9,0,0,1,0,-2,-2,6,6,0,0,0,0
36047027500,-1,4,1,0,0,13,1,3,2,1,-8,8,0
36047027400,0,0,0,0,1,0,1,1,0,1,0,1,0
36047027300,-1,4,-1,0,0,0,8,43,0,2,22,-2,0
36047027200,0,0,1,0,0,0,-2,36,3,3,-1,0,0
36047027100,-20,101,105,0,0,69,55,20,38,24,72,233,120
36047027000,-4,1,13,-3,0,0,0,0,0,17,1,1,0
36047026900,0,0,1,24,0,28,-1,12,1,8,0,31,3
36047026800,0,0,0,0,0,0,0,0,-2,44,0,0,10
36047026700,1,7,-2,0,4,7,4,3,0,75,1,3,-5
36047026600,7,2,0,0,0,0,-1,-8,0,0,0,0,0
36047026500,34,5,0,0,6,-2,7,65,68,32,7,11,-4
36047026400,0,1,2,-1,1,0,-2,-3,5,0,0,9,0
36047026300,0,2,2,1,6,-4,15,0,9,13,22,0,0
36047026200,1,0,3,2,0,0,8,1,1,3,1,1,0
36047026100,14,-3,28,111,16,8,159,57,56,88,19,21,55
36047026000,0,7,0,0,0,0,0,2,1,-2,0,1,0
36047025902,0,0,0,0,0,0,0,0,0,0,0,0,0
36047025901,0,45,0,0,5,-4,11,-2,0,29,-1,101,8
36047025800,0,0,0,1,2,0,0,-1,10,0,0,1,0
36047025700,8,5,15,5,5,0,12,-6,129,12,89,61,60
36047025600,2,3,1,0,0,2,6,0,1,0,0,-1,7
36047025500,0,0,0,0,0,0,0,0,0,0,0,0,0
36047025400,0,2,0,19,2,0,0,1,0,-1,2,0,0
36047025300,19,1,-3,2,8,2,14,79,0,65,11,1,5
36047025200,10,0,1,1,0,0,6,0,0,0,0,4,0
36047025100,-5,1,8,5,59,38,1,21,7,27,-3,61,-6
36047025000,-1,0,0,0,0,0,0,0,-2,0,0,0,0
36047024900,4,3,5,1,3,8,-3,4,2,6,2,8,1
36047024800,-1,2,1,0,0,1,-1,0,0,0,0,-1,5
36047024700,1,-1,2,3,14,16,12,2,-2,96,11,29,85
36047024600,-2,0,-3,0,0,3,0,-8,-2,-2,0,0,-1
36047024500,0,2,13,7,-1,-1,18,4,8,9,-9,-1,2
36047024400,-1,4,0,2,6,3,0,0,0,-3,-5,10,-6
36047024300,10,17,17,23,3,-4,3,39,16,57,92,23,15
36047024200,0,-2,0,0,3,0,-8,-1,9,-3,62,86,16
36047024100,6,54,64,7,5,33,69,8,104,40,1,3,1
36047024000,1,1,1,-1,4,-6,6,0,0,6,1,-2,2
36047023800,12,15,-1,0,6,14,-8,9,12,2,-2,5,-5
36047023600,7,10,-3,-1,5,-2,-3,-9,16,18,2,15,9
36047023500,31,38,30,13,56,19,165,0,20,6,21,4,32
36047023400,7,3,6,-8,-2,-2,8,14,11,-7,38,8,13
36047023300,28,76,54,63,4,8,4,44,13,24,93,6,-5
36047023200,1,8,-8,12,0,-7,1,6,-1,-3,-5,2,-4
36047023100,18,15,12,8,9,31,96,13,0,44,14,51,56
36047023000,0,-3,0,-1,-1,-1,0,-1,1,-6,0,-4,7
36047022900,110,49,2,1,11,20,34,10,17,1,4,33,38
36047022800,5,36,0,2,0,6,1,0,0,1,7,0,3
36047022700,4,49,6,93,-2,187,87,72,30,53,227,29,67
36047022600,-1,0,0,0,-1,7,21,-4,-2,27,-6,0,0
36047022400,33,10,6,4,-2,-4,0,15,-17,1,-1,17,-8
36047022200,20,10,0,-7,17,15,10,0,6,81,7,0,5
36047022100,10,29,0,3,12,44,12,3,2,17,97,10,0
36047022000,8,7,-2,3,6,6,0,8,9,0,6,-1,6
36047021900,5,0,0,5,64,1,-1,0,186,147,4,6,0
36047021800,-1,0,1,1,-1,-6,0,2,0,-2,0,-2,-1
36047021700,0,48,14,-1,-1,-2,12,16,202,0,3,10,-2
36047021600,21,5,2,5,-10,8,13,11,-2,-3,3,-2,-7
36047021500,6,-6,0,5,77,3,10,2,-2,55,48,26,-1
36047021400,0,-2,1,0,12,-2,6,-5,0,9,0,0,0
36047021300,0,0,0,0,0,0,0,2,-6,0,163,43,1
36047021200,0,2,0,0,-1,1,16,1,-3,0,7,0,1
36047021100,0,101,212,4,0,18,115,16,1,1,0,-1,7
36047021000,5,0,-3,-1,11,4,2,1,0,0,0,-2,0
36047020800,1,-1,0,-3,0,6,1,1,1,0,2,1,0
36047020700,0,8,-1,-1,0,1,-3,-5,0,2,-1,2,4
36047020600,0,0,0,0,0,0,0,0,0,0,0,0,0
36047020500,28,8,1,4,12,10,64,128,0,16,0,3,-1
36047020400,1,1,0,0,0,0,0,0,3,1,0,1,0
36047020300,3,28,0,39,25,17,27,4,20,14,17,110,0
36047020200,0,-1,2,0,0,0,-1,0,0,0,0,2,-2
36047020100,66,42,5,1,11,1,19,-3,2,20,76,-11,-3
36047020000,0,0,0,-1,0,0,-2,-4,0,0,0,0,0
36047019900,5,9,38,17,-4,19,5,66,0,601,1,54,411
36047019800,0,-4,0,0,2,0,-2,0,2,2,-1,1,0
36047019700,1,-1,0,1,-1,0,-15,-1,1,-3,0,1,2
36047019600,2,0,0,0,0,0,4,7,9,1,-2,0,3
36047019500,2,0,9,0,0,0,0,21,-2,7,0,2,0
36047019400,0,13,3,3,-1,0,-2,-2,-2,-1,-1,10,150
36047019300,0,1,52,5,0,110,0,143,116,0,0,0,10
36047019200,-2,12,3,-4,0,3,0,-2,1,1,6,0,-2
36047019100,21,49,97,48,94,59,0,101,1,10,6,-2,11
36047019000,3,2,1,17,3,-2,0,-1,0,1,0,14,22
36047018800,5,0,0,0,0,-5,6,1,0,1,0,0,0
36047018700,24,0,0,0,3,0,1,0,2,0,0,0,6
36047018600,0,0,1,0,0,1,1,1,0,0,0,1,0
36047018501,4,0,0,19,-3,-3,7,5,1,-2,7,7,0
36047018400,0,1,-1,0,0,7,0,0,1,0,-1,0,1
36047018300,15,-2,0,0,-3,23,0,5,-2,0,1,1,-2
36047018200,0,4,0,1,1,3,-2,-2,0,3,0,6,6
36047018100,-11,-1,0,2,-4,0,-7,1,5,26,-3,-11,0
36047018000,0,0,-1,6,0,2,0,-3,0,0,1,12,0
36047017900,0,80,2,0,-4,0,1,14,1,0,0,0,0
36047017800,-1,-1,-1,5,6,0,0,-2,5,-2,0,11,1
36047017700,0,0,0,0,0,0,0,0,0,0,0,0,0
36047017600,0,0,0,2,0,0,0,5,0,0,0,0,1
36047017500,0,0,0,0,0,0,0,0,0,0,0,0,0
36047017400,0,-1,-1,0,0,0,-1,-2,0,17,0,0,0
36047017200,0,0,0,0,2,0,0,-1,2,0,0,2,-2
36047017100,-1,-1,-1,1,-1,1,0,-1,-1,0,-2,0,-3
36047017000,0,1,6,0,0,0,0,1,0,0,-1,-1,12
36047016900,0,0,2,-4,-1,-1,0,-1,-1,-3,0,-5,3
36047016800,4,1,0,0,0,0,1,1,0,0,0,0,0
36047016700,1,-1,-3,-3,-2,-2,0,-3,-1,0,-1,-1,-5
36047016600,-1,-2,-2,2,0,0,3,0,0,0,0,0,0
36047016500,0,-3,-4,15,-2,0,-4,-1,-1,-2,-3,-69,-8
36047016400,0,0,0,0,0,0,0,0,0,0,0,0,0
36047016300,-24,-1,0,1,-1,0,279,298,0,0,-5,0,3
36047016200,0,3,0,0,1,0,0,0,0,21,0,-1,0
36047016100,0,4,-2,0,-1,-3,88,-1,-2,0,-1,310,0
36047016000,8,0,-1,0,0,0,0,1,1,0,0,0,0
36047015900,-9,1,1,-1,0,0,-2,4,-2,-2,-2,-4,-1
36047015700,0,1,0,-1,-2,-1,0,0,28,0,-4,0,-1
36047015500,-2,0,-3,-3,-5,0,-1,-7,-2,0,-3,-1,-1
36047015400,0,0,0,0,0,0,0,0,0,0,0,0,0
36047015300,0,-1,-1,-2,-1,-1,-17,-5,-2,-2,2,0,-3
36047015200,0,1,3,4,0,0,0,0,-2,4,1,6,0
36047015100,15,1,0,-5,0,-8,-5,0,2,-1,-4,-2,13
36047015000,0,-1,0,0,-1,-5,0,0,-1,1,0,0,0
36047014902,62,0,1,1,26,2,-4,1,-4,0,-1,0,0
36047014901,0,-2,0,0,0,-1,-1,0,3,0,8,0,-1
36047014800,0,0,0,0,-2,0,0,0,1,0,0,0,0
36047014700,21,0,10,3,-3,12,-3,9,22,0,24,9,6
36047014500,19,12,1,8,15,-1,12,-8,2,17,27,19,44
36047014300,6,13,5,29,-1,-26,-15,64,91,5,73,9,0
36047014200,0,-1,0,0,2,0,0,0,0,0,0,0,0
36047014102,55,39,31,0,32,4,-32,4,3,0,214,-2,6
36047014101,0,23,3,5,1,0,1,-2,5,-1,160,0,-2
36047014000,0,1,-1,-2,0,6,0,0,0,-1,0,1,0
36047013900,-1,3,0,6,-3,12,1,-1,8,1,-3,69,4
36047013800,0,1,0,0,-1,0,0,0,0,2,0,0,0
36047013700,-3,8,2,101,63,0,0,0,7,-2,-1,2,0
36047013600,0,0,0,1,0,0,0,0,1,0,0,0,7
36047013500,0,2,-2,0,0,1,0,-1,-1,-1,0,0,-2
36047013400,-2,0,0,3,2,0,1,-1,0,1,0,0,0
36047013300,73,15,0,0,0,-13,9,52,69,8,10,-6,50
36047013200,3,1,0,2,0,0,0,0,0,0,0,1,1
36047013100,0,0,0,2,11,3,-1,7,-8,0,-11,8,21
36047013000,0,0,4,0,0,0,-1,0,0,0,0,0,0
36047012902,-98,-1,0,-1,-1,15,365,303,64,0,-2,858,-1
36047012901,9,0,4,6,5,-32,0,44,0,0,0,-1,-1
36047012801,1,0,0,1,0,0,0,0,0,0,0,-2,0
36047012700,0,95,-8,0,84,0,70,58,-5,-2,31,-5,107
36047012600,0,0,0,0,0,0,0,6,0,0,0,0,0
36047012200,4,8,3,0,1,1,3,0,8,-2,0,2,78
36047012100,7,26,27,51,-18,0,3,107,0,0,39,-1,0
36047012000,-1,0,0,-3,0,0,0,-1,-1,-2,0,0,0
36047011902,0,0,0,0,0,0,0,0,0,0,0,0,0
36047011901,0,0,3,0,-2,4,-1,-4,0,0,0,0,-1
36047011800,13,7,0,3,-6,-1,-8,-4,8,0,0,-2,-4
36047011700,177,79,0,0,1,6,-9,-8,1,5,92,2,10
36047011600,10,22,5,6,18,25,9,11,7,45,32,19,22
36047011400,0,12,2,0,-2,0,2,2,2,2,5,12,5
36047011200,24,13,0,1,0,-4,19,8,10,0,0,-4,7
36047011000,0,0,0,19,-2,-2,-3,7,-2,5,72,0,-2
36047010802,0,13,7,0,0,-6,-2,0,0,20,6,10,0
36047010801,6,3,2,5,8,0,0,4,-4,0,4,3,11
36047010602,1,2,1,0,-3,-4,1,7,13,14,0,1,-1
36047010601,7,2,4,2,-3,0,1,4,8,2,4,0,0
36047010402,36,2,3,7,10,5,2,2,12,3,3,6,0
36047010401,4,27,1,1,-5,1,-8,0,4,-6,7,-8,-4
36047010200,6,9,3,0,-1,2,9,9,7,21,14,-2,-4
36047010100,1,12,-1,0,20,-1,1,0,-1,-1,-4,-1,-2
36047010000,2,8,2,9,3,10,6,4,9,4,4,4,5
36047009800,27,19,4,1,0,3,6,3,3,4,3,2,1
36047009600,1,5,3,5,1,0,6,0,0,3,6,8,13
36047009402,0,4,0,-1,0,-1,14,0,0,1,-2,1,-12
36047009401,5,3,2,0,0,0,2,0,0,10,0,3,0
36047009202,2,0,1,1,2,0,-1,0,0,8,3,2,0
36047009201,18,8,11,9,12,0,0,0,-2,30,0,8,2
36047009002,-1,10,7,0,0,-4,0,0,0,0,9,0,0
36047009001,4,23,-2,0,7,7,-2,0,0,11,0,7,0
36047008800,4,0,0,0,0,-4,0,-1,0,0,0,0,0
36047008600,0,0,0,0,0,0,0,0,0,0,0,0,0
36047008500,0,0,0,0,0,0,0,0,0,0,0,0,0
36047008400,-3,1,0,-2,4,18,7,0,-24,-4,1,0,0
36047008200,10,0,3,0,3,0,5,-2,0,8,-1,0,5
36047008000,1,-2,0,0,0,0,0,0,1,5,0,1,3
36047007800,0,7,1,-2,0,2,0,14,25,-8,5,10,54
36047007700,10,108,1,-3,-4,-4,429,270,-2,0,9,-11,5
36047007600,0,7,0,26,1,1,2,2,0,-1,0,17,0
36047007500,-1,1,-5,2,14,0,37,3,-3,-3,5,-7,21
36047007400,7,2,4,3,3,3,4,1,2,0,8,0,0
36047007200,0,0,0,0,0,0,0,1,0,0,0,0,0
36047007100,-1,-1,0,-3,-2,-3,-8,0,-1,0,2,-2,16
36047007000,1,0,0,1,1,0,0,0,0,0,0,0,0
36047006902,2,0,-1,-2,-4,-4,-2,-5,4,1,5,2,3
36047006901,6,1,0,9,-2,-2,1,5,7,1,-1,-3,0
36047006800,4,2,3,-1,0,25,0,10,0,0,1,0,0
36047006700,-6,-3,-7,24,13,-1,2,-5,-2,-8,-7,-12,-6
36047006600,0,0,0,1,1,0,0,0,0,0,0,0,1
36047006500,11,-3,-2,15,-6,0,-1,-5,-7,3,-6,11,10
36047006400,2,-3,0,-2,0,2,-2,2,3,-1,1,1,-1
36047006300,0,-1,2,0,-2,1,-4,0,-1,17,-1,-1,3
36047006200,1,0,2,0,0,0,0,2,-1,0,0,0,-1
36047006000,1,0,0,-3,0,-1,0,0,4,0,0,-1,0
36047005900,1,-1,1,-1,1,0,0,22,0,0,2,15,0
36047005800,4,1,4,0,0,1,1,0,0,0,0,-2,0
36047005602,0,0,23,0,0,12,0,0,1,0,-4,0,40
36047005601,0,0,0,0,0,-1,0,4,0,0,15,0,0
36047005400,0,0,1,0,0,0,0,2,0,0,0,0,0
36047005303,0,0,0,0,0,0,0,0,0,71,0,0,0
36047005302,0,0,0,0,0,23,0,0,0,0,0,0,0
36047005301,4,1,-7,3,-2,1,10,21,18,17,-6,0,19
36047005202,0,0,0,1,0,0,0,-1,0,0,14,0,0
36047005201,0,0,0,0,0,0,0,0,0,0,0,0,0
36047005100,19,17,25,4,16,-2,6,9,7,8,-1,-1,2
36047005000,0,-1,0,0,0,0,0,-1,0,0,0,0,0
36047004900,0,-3,0,-2,-2,7,-5,-2,42,4,-1,-2,-3
36047004700,137,30,2,10,6,1,0,0,8,0,4,-3,0
36047004600,0,1,0,0,0,0,0,0,0,0,0,0,0
36047004500,-6,-1,-10,-1,-1,-5,-2,0,6,-3,-1,25,-1
36047004400,-3,-2,1,-2,1,-1,0,-1,-1,0,0,1,0
36047004300,65,12,-2,10,66,2,155,5,-3,14,0,29,-1
36047004100,0,9,-2,2,-1,14,-1,0,1,-1,9,7,116
36047003900,0,0,-2,-1,0,1,17,40,37,0,61,-12,0
36047003800,1,0,0,0,0,0,0,0,0,0,0,1,0
36047003700,246,274,0,36,-16,-34,0,1643,368,184,480,186,160
36047003600,0,0,0,0,0,0,0,0,-1,1,0,0,-1
36047003500,0,0,0,4,-1,-2,377,0,-2,-2,0,0,0
36047003400,0,3,0,-1,0,-1,0,0,0,0,0,0,0
36047003300,-2,2,-5,324,1,0,586,-1,306,-2,-1,-7,-2
36047003102,0,0,0,0,0,0,0,0,0,0,0,0,0
36047003101,95,1,0,0,0,205,228,440,0,0,0,476,0
36047003000,0,0,0,1,0,0,0,0,0,0,0,-2,0
36047002901,0,0,0,0,0,0,0,0,0,146,0,0,0
36047002300,0,0,0,0,0,0,0,0,0,0,0,0,0
36047002200,6,5,0,22,-4,0,8,0,14,0,-1,13,0
36047002100,20,140,116,104,300,30,148,23,200,3,161,780,84
36047002000,0,0,0,0,0,0,0,0,0,0,0,0,0
36047001804,0,0,0,0,0,0,0,0,0,0,0,0,0
36047001803,0,0,0,0,0,0,0,0,0,0,0,0,0
36047001802,0,0,0,0,0,0,0,0,0,0,0,0,0
36047001801,0,0,0,0,0,0,0,0,0,0,0,0,0
36047001502,0,0,0,-61,-5,1225,244,0,260,0,483,23,0
36047001501,510,16,-14,0,436,64,84,5,5,21,16,286,0
36047001300,0,0,0,0,0,0,0,0,270,0,0,0,180
36047001100,0,0,0,0,370,30,3,0,0,0,0,0,0
36047000900,-1,75,29,4,-9,58,112,58,0,104,55,-8,118
36047000700,-4,-8,-18,1,-2,-2,-3,-4,-1,262,-1,-3,-3
36047000502,0,0,5,-4,0,-2,-14,0,-18,0,134,0,0
36047000501,0,39,2,1,-6,0,-1,0,-101,0,-9,-2,-9
36047000301,3,-6,0,1,-14,-13,-1,-7,0,-2,-23,-3,-1
36047000200,0,0,0,-1,0,0,0,0,0,0,0,0,0
36047000100,-2,-1,0,22,1,12,85,15,-5,162,-4,-1,-1
36005051602,0,0,0,0,0,0,0,0,0,0,0,0,0
36005048402,0,0,0,0,0,0,0,0,0,0,0,0,0
36005048401,14,0,2,0,5,0,11,4,0,0,1,-1,-3
36005046209,0,0,0,0,0,0,15,0,-5,-1,0,0,0
36005046208,61,27,6,2,1,6,15,2,0,0,0,1,0
36005046207,0,0,0,0,0,0,0,0,0,0,0,0,0
36005046206,0,0,0,0,0,0,0,0,0,0,0,0,0
36005046205,0,0,0,0,0,0,0,0,0,0,0,0,0
36005046204,0,0,0,0,0,0,0,0,0,0,0,0,0
36005046203,0,70,4,0,-1,177,0,-1,0,-1,0,0,0
36005046000,0,7,6,19,0,0,2,1,0,0,-2,1,0
36005045800,0,0,0,0,0,0,0,0,0,0,0,0,0
36005045600,10,10,2,0,0,8,0,0,-1,0,0,0,1
36005045102,0,0,0,0,0,-1,0,4,0,0,0,1,0
36005045101,0,0,0,0,0,-1,0,0,0,25,0,0,0
36005044902,0,0,0,1,0,1,0,0,0,0,0,0,0
36005044901,2,0,-1,0,0,0,0,0,-1,-1,0,80,0
36005044800,-1,0,5,5,0,2,2,6,5,0,0,0,0
36005044400,0,-1,0,2,1,0,1,0,2,2,2,0,0
36005044200,6,0,-1,0,2,-1,-2,0,0,12,3,2,1
36005043600,1,0,0,-1,4,2,6,0,0,0,0,1,0
36005043503,0,0,0,0,0,0,0,0,0,0,0,0,0
36005043502,0,0,0,0,0,0,0,0,0,0,0,0,0
36005043501,0,0,0,51,0,230,80,0,123,0,0,0,0
36005043400,0,6,0,0,0,0,2,0,3,0,0,116,0
36005043102,-2,-2,70,32,0,0,0,-2,2,0,0,0,24
36005043101,-2,0,0,0,0,-1,0,0,0,0,0,0,12
36005043000,6,0,0,0,0,1,0,0,0,0,4,0,0
36005042902,122,0,0,0,0,0,115,0,-1,0,-2,16,0
36005042901,0,0,2,0,0,0,0,0,0,80,1,0,96
36005042800,0,3,2,3,0,0,1,0,0,0,2,0,3
36005042600,3,6,8,2,4,4,0,2,0,4,1,-2,1
36005042500,0,0,9,1,-2,0,0,57,200,0,30,-2,-7
36005042400,0,1,0,-2,3,0,0,0,1,-1,3,5,0
36005042300,0,0,0,0,0,0,0,0,0,0,1,0,0
36005042200,12,0,16,0,0,0,0,0,0,1,0,-3,0
36005042100,0,0,0,0,0,0,0,0,0,0,-2,0,0
36005042000,20,30,0,0,12,0,0,3,0,0,0,0,7
36005041900,0,-1,-1,64,-3,0,0,0,0,10,-1,-10,-5
36005041800,0,8,0,0,62,0,0,3,0,0,0,0,0
36005041500,0,6,0,0,0,122,0,0,-3,-2,0,-5,-3
36005041400,0,1,56,-5,0,0,0,0,4,-1,36,88,102
36005041300,-5,0,77,1,27,-2,1,8,-13,-26,231,73,211
36005041100,0,0,-1,-6,55,56,-2,-3,-6,0,54,82,-5
36005040900,0,0,0,0,0,0,0,0,0,0,0,0,0
36005040800,-1,0,6,65,0,-2,-1,2,0,0,1,0,0
36005040702,160,0,16,-5,-5,0,1,0,197,0,0,114,-6
36005040701,0,0,0,0,0,0,0,-3,-2,-2,0,162,-1
36005040600,1,2,6,0,3,12,-1,0,8,3,-2,1,1
36005040502,50,53,-4,0,0,0,42,0,100,0,-1,17,-2
36005040501,0,1,0,1,0,0,0,0,0,0,0,0,0
36005040400,14,8,0,2,1,0,0,0,0,-1,0,6,0
36005040304,0,0,0,0,0,0,-1,0,0,136,0,0,2
36005040303,6,0,0,15,-2,31,0,75,0,-4,0,-6,-4
36005040302,0,0,0,0,0,0,0,0,0,0,0,0,-4
36005040100,0,0,44,31,0,0,39,0,94,0,189,0,0
36005039902,0,0,0,0,16,0,0,68,0,0,0,-1,1
36005039901,0,0,0,0,0,-2,-2,0,-2,0,0,0,0
36005039800,12,6,0,0,6,0,0,2,0,0,0,4,0
36005039700,95,0,0,0,54,0,0,0,-2,10,0,0,0
36005039600,29,10,28,11,-3,0,4,15,7,14,-1,15,0
36005039500,50,68,2,-5,2,0,0,0,0,238,0,5,0
36005039400,-6,0,-1,20,0,-1,0,8,0,-1,-8,7,52
36005039300,0,0,0,-2,-3,16,41,0,0,0,3,-2,4
36005039200,0,0,0,0,-3,0,-1,-1,1,0,0,0,-1
36005039100,15,6,22,12,-2,0,-4,21,45,-2,50,16,-1
36005039000,13,3,2,2,35,-1,1,13,13,-6,4,7,-1
36005038900,0,0,0,-2,-5,2,-3,48,0,0,-1,-3,-1
36005038800,1,1,8,2,0,0,0,1,0,5,0,0,0
36005038700,0,0,0,0,0,40,0,-2,-5,4,0,10,14
36005038600,4,2,-2,1,0,2,14,9,28,6,10,-1,-1
36005038500,0,80,0,0,17,0,7,8,-2,180,0,19,102
36005038304,0,0,0,0,0,0,0,0,90,3,71,0,0
36005038303,0,0,0,0,0,0,0,0,0,0,0,-6,10
36005038301,0,0,0,0,0,20,0,0,0,0,17,0,0
36005038200,4,0,0,7,0,1,4,0,0,5,1,1,0
36005038100,0,76,0,0,-2,93,0,31,-1,-3,92,-8,203
36005038000,9,66,7,41,36,-2,0,2,5,1,69,30,169
36005037900,0,0,0,0,0,-14,-14,250,171,235,0,0,68
36005037800,0,18,3,6,10,0,187,0,0,0,0,0,0
36005037600,6,0,0,0,0,0,0,0,0,0,2,0,0
36005037504,0,18,3,0,0,0,0,-9,133,-6,0,76,25
36005037400,4,125,7,20,0,2,0,-2,0,15,64,0,-1
36005037300,58,124,37,-2,0,109,0,2,27,22,-1,185,26
36005037200,8,0,0,-1,0,0,7,2,2,0,2,0,0
36005037100,0,0,6,6,9,-2,62,-4,21,-6,-11,12,16
36005037000,4,0,9,0,0,0,0,15,0,0,1,0,0
36005036902,0,0,8,0,0,54,-1,6,26,0,0,-10,4
36005036901,3,3,0,0,0,0,-2,-6,-1,0,-1,66,46
36005036800,1,0,1,3,0,0,0,0,-1,0,0,-3,0
36005036700,0,34,-1,4,50,0,0,3,0,-2,82,-3,9
36005036502,3,3,69,0,3,39,27,-1,10,-4,-3,24,22
36005036501,0,-1,-1,0,18,-2,0,0,43,-1,0,30,0
36005036400,0,0,0,0,0,0,0,0,-2,2,0,0,2
36005036300,0,0,0,-1,0,0,53,-9,0,-2,1,93,203
36005036100,0,40,0,0,0,65,0,-31,0,163,78,-169,0
36005036000,0,0,-3,6,1,0,0,0,1,1,0,11,0
36005035900,0,0,0,0,0,0,-1,0,567,-2,317,0,0
36005035800,8,5,1,6,19,2,0,2,8,-1,5,0,19
36005035600,2,0,0,2,5,1,0,0,4,1,0,1,0
36005035100,0,0,5,34,0,0,44,-2,0,5,0,0,93
36005035000,0,0,-2,6,-1,2,1,0,4,0,0,3,6
36005034800,0,2,0,4,8,2,0,23,-3,12,0,0,0
36005034500,1,-1,0,2,2,0,86,0,1,0,0,0,65
36005034400,0,3,-1,2,4,0,0,0,0,-1,0,0,0
36005034300,6,0,0,0,0,0,2,3,0,0,2,0,0
36005034200,0,-1,-5,0,1,0,0,1,-1,-2,0,-2,-3
36005034000,5,0,0,0,0,-2,1,0,22,-6,17,0,0
36005033802,0,0,0,0,0,0,0,0,0,0,-2,0,16
36005033801,1,-2,0,0,0,12,-2,0,0,16,0,-2,-2
36005033700,1,1,-1,-1,1,2,0,1,0,-4,0,0,0
36005033602,3,0,0,0,0,0,0,0,0,-6,0,31,0
36005033601,0,0,0,0,0,0,0,0,0,0,0,0,0
36005033500,-1,3,1,0,0,1,-1,0,2,1,2,1,1
36005033400,0,0,0,0,0,0,0,0,0,0,0,0,0
36005033202,0,-1,0,0,-4,0,0,0,-2,-4,15,-5,69
36005033201,0,9,5,0,-1,0,0,-9,0,-1,0,32,36
36005033000,16,-1,0,16,0,-2,0,15,-2,1,0,6,15
36005032800,0,7,2,3,0,3,0,0,0,0,0,0,1
36005032600,0,1,1,1,0,0,-1,7,0,0,3,1,0
36005032400,0,0,0,0,1,3,0,0,0,0,0,0,0
36005032300,0,1,0,0,1,1,-1,0,0,0,2,0,1
36005031900,0,0,0,0,0,0,0,0,0,0,0,0,0
36005031800,0,0,0,0,0,0,0,0,1,0,0,0,0
36005031600,0,4,0,0,0,1,0,0,0,0,4,2,0
36005031400,0,0,4,0,0,0,1,0,0,0,0,0,0
36005031200,0,0,0,0,0,-2,0,-1,0,4,0,0,1
36005031000,4,3,3,0,0,0,13,0,0,1,0,3,1
36005030900,0,0,0,0,0,-129,0,1,0,0,1,0,71
36005030701,12,0,0,0,-1,-1,0,0,15,0,0,46,0
36005030202,0,0,0,0,0,0,0,0,0,0,0,0,0
36005030201,-1,1,3,0,0,0,4,0,-1,1,0,-1,0
36005030100,4,1,-3,-1,0,55,0,0,0,0,0,0,0
36005030000,0,3,3,2,0,22,1,1,-3,14,0,22,13
36005029700,0,1,2,0,1,0,0,-2,-5,4,45,0,0
36005029600,0,0,0,0,0,0,-4,129,1,0,0,0,-1
36005029500,0,1,10,38,-2,0,0,10,-2,1,2,11,0
36005029302,0,11,0,0,0,0,0,0,0,0,0,3,1
36005029301,0,0,0,-1,0,0,0,0,0,-7,0,0,55
36005028900,0,0,111,-2,0,0,0,-3,0,0,0,0,0
36005028800,0,2,0,0,0,0,-1,0,2,3,1,0,0
36005028700,0,0,0,1,0,0,-1,82,1,0,0,0,0
36005028600,0,7,0,-3,0,0,2,2,0,0,0,1,1
36005028500,0,0,46,-1,0,7,2,28,84,8,0,7,8
36005028400,0,0,0,-2,0,2,0,-1,0,0,0,0,0
36005028300,0,-1,0,0,0,-1,0,0,0,0,-2,0,0
36005028100,0,0,-2,0,0,0,0,0,0,0,0,-2,0
36005027900,4,4,-3,0,0,-1,72,11,0,120,0,-1,7
36005027700,0,0,0,0,0,0,5,0,0,0,0,0,-3
36005027600,0,0,0,0,0,0,0,0,0,0,0,0,0
36005027401,3,3,2,2,7,6,1,0,0,7,3,0,1
36005027300,0,1,85,0,0,0,-1,-3,-1,40,0,4,-3
36005026900,10,0,0,0,-4,0,0,18,149,0,-4,64,-1
36005026702,0,4,0,0,-1,0,0,0,-3,0,-3,24,10
36005026701,0,0,0,0,0,0,0,0,0,-1,0,15,0
36005026602,3,21,0,14,0,49,0,36,23,-5,0,22,-1
36005026601,1,0,0,2,13,0,1,0,0,0,-2,10,0
36005026500,59,0,0,1,-1,-3,0,15,-11,0,-2,13,-4
36005026400,2,46,0,4,0,2,0,-3,2,0,0,-1,-2
36005026300,73,0,-1,0,72,0,0,0,0,-2,0,0,0
36005026100,0,0,0,0,0,0,0,0,0,0,0,0,0
36005025700,6,0,0,6,0,0,0,4,0,0,0,0,0
36005025600,0,0,0,0,1,0,0,1,0,0,0,0,0
36005025500,0,0,-2,8,-1,-14,0,66,0,0,-3,0,51
36005025400,4,3,-3,0,0,0,0,0,1,3,0,1,4
36005025300,1,0,0,0,0,0,1,0,0,0,0,3,11
36005025200,0,1,1,1,0,0,0,0,0,0,0,0,1
36005025100,74,6,0,-5,0,0,3,0,-2,3,24,21,-5
36005025000,-1,1,0,3,1,0,-2,0,0,2,0,0,0
36005024900,0,0,0,0,0,0,0,0,0,0,0,0,0
36005024800,18,2,0,0,0,-1,0,14,0,2,0,0,0
36005024700,0,106,0,0,0,0,0,0,0,0,0,0,0
36005024600,4,1,0,0,0,0,-2,0,2,1,0,4,1
36005024502,0,0,0,0,-2,0,0,0,0,0,0,0,0
36005024501,0,2,2,0,-2,0,2,0,1,0,0,0,3
36005024400,2,0,0,0,0,0,0,0,0,0,0,0,0
36005024300,0,0,4,0,0,0,0,0,-1,18,40,-2,-4
36005024100,0,0,0,0,-2,4,3,1,90,-10,-2,32,44
36005024000,17,0,9,-2,-2,3,-12,6,1,12,-2,3,-5
36005023900,1,0,1,-4,0,0,0,50,-2,0,16,-11,47
36005023800,0,3,4,0,5,1,0,0,0,11,0,0,-3
36005023704,42,0,0,0,0,0,1,0,93,0,0,16,0
36005023703,0,1,0,0,66,0,0,-2,0,0,53,0,0
36005023702,0,0,0,0,0,0,0,0,0,0,0,0,0
36005023600,-3,0,0,0,0,0,0,12,0,0,0,0,0
36005023502,29,0,0,0,0,0,-2,-4,-9,37,85,95,234
36005023501,0,0,0,0,0,0,0,0,0,114,0,0,0
36005023302,27,0,0,0,0,-2,1,2,29,0,0,0,0
36005023301,0,0,0,0,0,27,0,0,0,0,0,-1,-3
36005023200,0,0,0,0,0,0,-2,1,0,6,6,0,0
36005023100,1,0,0,0,-9,0,0,-1,0,-2,0,0,-4
36005023000,1,0,2,0,1,-4,0,0,0,0,0,-2,0
36005022902,0,0,0,0,-6,0,0,42,-1,-3,0,-5,19
36005022901,0,0,0,0,88,0,19,10,-4,13,-3,-3,0
36005022800,1,-2,3,0,-1,0,2,-1,16,0,0,-3,14
36005022703,0,0,0,3,0,0,0,0,0,0,0,0,0
36005022702,0,0,0,0,0,0,0,0,0,0,0,0,0
36005022701,70,0,0,0,0,0,0,0,-1,0,0,19,0
36005022500,115,43,29,1,0,0,0,0,2,-1,1,3,16
36005022404,0,0,0,0,0,0,0,0,0,0,0,0,0
36005022403,0,0,0,0,0,0,0,0,2,0,0,4,0
36005022401,0,0,0,0,0,0,0,0,0,0,0,0,0
36005022300,0,0,0,0,0,0,0,0,0,0,0,0,0
36005022200,0,3,0,-1,6,0,0,0,24,-5,20,0,24
36005022102,0,0,-3,0,0,0,0,0,0,0,0,122,0
36005022101,0,-1,0,0,106,0,0,0,0,0,0,0,0
36005022000,0,0,0,0,51,54,0,0,0,-2,-1,0,0
36005021900,0,0,0,0,0,0,0,0,0,0,0,255,0
36005021800,1,0,9,-2,-8,8,0,2,0,0,0,0,1
36005021700,0,0,0,0,0,61,-1,33,0,-2,7,1,175
36005021602,0,0,0,16,0,0,0,0,2,0,0,-3,0
36005021601,0,-3,0,0,0,0,0,0,-3,0,-1,28,0
36005021502,0,1,1,0,64,0,0,8,0,0,0,-4,0
36005021501,0,9,10,0,0,-1,0,0,-4,0,0,0,0
36005021302,127,-3,6,38,0,0,0,62,-1,21,0,0,-5
36005021301,48,-1,0,0,0,0,0,0,0,-3,0,0,2
36005021200,0,0,0,0,0,0,0,0,0,0,0,0,0
36005021100,0,0,-9,0,-11,0,0,60,106,0,0,0,21
36005021002,0,0,0,0,0,0,0,0,0,0,0,0,0
36005021001,0,0,0,0,0,0,0,0,0,0,0,0,0
36005020900,0,0,0,0,0,0,0,60,0,126,0,0,0
36005020601,-2,0,0,0,0,-2,-4,0,8,0,0,0,0
36005020502,5,0,6,0,0,3,-4,0,0,0,0,0,8
36005020501,0,0,128,0,81,-2,-1,18,0,6,-1,0,39
36005020400,-2,11,0,48,3,1,1,-2,0,6,-1,0,0
36005020200,91,14,0,8,0,0,0,0,0,0,0,0,0
36005020100,11,0,0,0,0,0,0,-5,75,0,0,35,0
36005020000,0,4,1,0,1,0,0,0,0,0,0,0,0
36005019900,0,6,0,2,0,0,0,-2,-2,31,0,-1,0
36005019700,0,0,0,0,0,0,0,0,0,0,0,0,0
36005019500,0,0,0,0,0,0,0,0,0,0,0,0,0
36005019400,0,0,0,-1,0,0,4,4,0,0,0,0,0
36005019300,0,0,106,0,163,0,0,0,10,0,39,-1,153
36005018900,-1,0,6,-3,0,82,2,58,72,46,-1,1,156
36005018502,91,0,1,8,27,163,0,24,106,42,0,1,0
36005018501,1,-1,-2,0,49,128,122,-1,32,20,0,154,350
36005018400,0,5,1,4,-1,0,0,0,0,0,0,1,-1
36005018302,0,0,0,0,0,0,0,0,0,0,0,0,0
36005018301,0,0,0,0,0,0,0,0,0,0,0,0,0
36005018102,0,0,0,0,0,0,0,0,0,43,0,3,0
36005018101,0,0,1,0,1,0,0,2,0,0,3,0,3
36005017902,0,0,0,0,0,0,0,74,0,-1,0,0,21
36005017901,162,0,0,0,34,0,0,0,0,0,0,0,0
36005017702,1,-2,2,8,1,0,3,0,-2,2,8,19,52
36005017701,1,0,0,0,-3,1,1,0,7,0,0,0,7
36005017500,0,0,0,0,1,0,40,0,3,0,0,6,0
36005017300,0,-5,0,0,-3,0,86,0,126,4,-8,30,3
36005017100,0,0,0,0,0,0,0,0,0,0,0,0,0
36005016900,0,0,0,8,0,0,0,0,0,0,0,0,0
36005016700,0,279,0,104,0,0,0,0,0,9,0,0,0
36005016600,1,0,1,0,2,0,0,0,0,0,0,0,0
36005016500,0,0,0,0,0,0,0,0,0,-3,0,21,0
36005016400,0,0,0,-1,0,-1,0,0,1,0,0,0,0
36005016300,0,0,0,0,0,0,0,0,0,0,0,0,0
36005016200,-1,0,0,0,1,-2,0,-1,0,4,6,1,0
36005016100,0,0,129,0,0,0,41,186,153,121,0,0,0
36005016000,0,4,1,2,0,-2,0,-2,1,0,7,5,4
36005015900,0,0,0,0,0,0,0,10,0,200,161,18,151
36005015800,-1,0,0,0,0,0,1,0,-2,0,-2,-2,0
36005015700,0,84,0,2,7,84,237,292,0,-3,481,11,-1
36005015500,0,0,0,38,0,0,0,0,0,23,0,0,0
36005015300,0,103,0,0,-2,0,61,0,0,-1,-2,23,73
36005015200,0,0,2,0,-4,0,-3,2,0,4,0,0,0
36005015100,0,11,0,8,84,43,17,-1,4,0,5,-2,0
36005014900,2,8,-1,0,99,0,20,8,0,-1,17,0,5
36005014702,0,0,0,0,0,0,0,0,0,0,0,0,0
36005014701,0,0,0,0,0,0,0,0,0,0,0,0,0
36005014500,130,112,0,31,6,0,0,-1,102,56,188,0,0
36005014400,0,2,0,1,0,0,0,-9,2,7,0,0,0
36005014300,-1,-7,77,217,0,0,0,0,12,5,0,0,0
36005014100,853,157,2,0,0,0,152,39,59,501,9,24,10
36005013800,6,6,0,0,0,-1,0,-1,0,0,-1,0,4
36005013500,0,-20,1,124,2,0,8,29,11,0,0,0,0
36005013300,-2,0,0,65,0,0,0,0,-3,-3,0,1,4
36005013200,4,8,4,1,0,0,10,-1,11,2,7,1,0
36005013100,-4,11,12,106,2,0,0,70,-7,15,107,-2,0
36005013000,2,0,0,0,0,0,0,0,2,0,0,0,0
36005012901,0,-2,0,-6,0,0,140,2,38,165,5,-8,-4
36005012701,0,0,4,0,0,0,-33,0,4,9,0,0,0
36005012500,73,50,0,0,0,0,0,0,8,-6,17,0,38
36005012300,206,0,0,0,4,0,0,38,-12,54,29,57,44
36005012102,0,0,0,0,0,0,0,1,0,0,0,62,0
36005012101,3,0,0,0,0,0,0,-1,0,63,0,0,20
36005011900,0,0,0,0,0,0,0,0,1,0,0,0,0
36005011800,0,21,0,9,0,4,0,-1,-1,1,0,1,0
36005011702,0,0,0,0,0,0,0,0,0,0,0,0,0
36005011701,0,0,0,0,-1,0,0,0,0,0,0,0,0
36005011502,0,3,0,3,0,0,0,0,16,0,0,0,3
36005011000,0,0,0,0,0,0,0,0,0,0,0,0,0
36005009800,-1,6,0,1,1,0,2,0,1,0,1,0,-2
36005009600,27,73,2,1,0,0,14,-3,0,0,56,0,0
36005009302,-1,0,0,0,0,0,0,-4,0,0,-2,0,0
36005009301,0,-2,0,6,-2,0,0,-1,3,0,15,114,255
36005009200,6,0,2,0,0,132,0,0,0,81,126,8,0
36005009000,0,0,22,0,6,0,0,0,2,2,0,3,0
36005008900,5,0,1,0,0,0,0,0,23,0,214,0,17
36005008700,108,110,0,0,0,0,0,0,0,0,29,89,-4
36005008600,0,0,0,0,0,0,-1,0,0,0,0,0,0
36005008500,50,124,0,0,0,0,0,0,0,0,0,0,0
36005008400,2,3,0,0,0,0,0,3,1,1,0,0,0
36005008300,0,0,0,0,0,0,0,0,0,11,0,6,0
36005007900,0,6,15,0,0,57,0,0,0,3,0,6,-3
36005007800,2,8,-1,-1,24,3,0,-1,-2,6,0,-2,6
36005007700,2,0,16,0,0,6,0,0,0,0,0,0,0
36005007600,17,0,0,1,2,3,3,7,1,0,0,0,0
36005007500,0,480,161,0,0,0,1,1,0,-1,175,0,6
36005007400,0,0,0,0,0,0,0,25,0,0,0,4,0
36005007300,58,36,0,3,24,0,0,0,0,12,25,0,97
36005007200,0,3,2,0,0,0,1,0,0,1,0,6,0
36005007100,0,123,222,0,0,0,0,1,0,161,0,496,52
36005007000,0,6,0,1,0,3,-1,0,0,8,0,331,0
36005006900,84,0,2,0,0,0,0,-3,0,0,-3,22,33
36005006800,0,0,0,0,0,0,0,1,0,0,0,0,0
36005006700,0,0,1,6,2,0,24,3,0,8,3,13,0
36005006500,0,0,-1,0,0,0,176,0,156,0,-3,-2,-4
36005006400,0,0,0,1,1,0,0,0,4,-3,0,249,0
36005006302,0,0,0,0,0,0,0,0,0,0,0,0,0
36005006301,6,1,1,0,0,2,0,158,287,1,0,-1,277
36005006200,0,15,0,0,0,0,0,0,0,0,0,0,0
36005006100,0,0,0,0,0,0,0,0,0,0,0,0,0
36005006000,0,0,0,0,0,36,0,0,0,0,0,0,0
36005005902,0,0,0,0,0,0,-3,0,-2,0,208,57,0
36005005600,0,0,0,0,0,0,0,0,0,1,0,6,0
36005005400,-6,0,0,0,0,0,0,1,2,0,1,0,0
36005005300,0,0,0,0,0,0,0,0,0,0,0,0,0
36005005200,0,0,0,0,0,0,66,0,-1,0,0,0,0
36005005100,0,0,-3,0,201,0,0,0,143,0,470,28,673
36005005002,0,0,0,0,0,0,0,0,0,0,73,0,-8
36005005001,2,3,0,0,0,0,0,0,0,0,0,0,60
36005004800,1,0,1,0,0,0,1,0,0,0,0,0,0
36005004600,18,0,0,0,-1,0,0,25,0,0,0,0,0
36005004400,0,-2,0,6,0,0,36,0,0,0,0,0,4
36005004300,200,0,0,7,0,1,66,0,-5,22,31,14,0
36005004200,0,0,0,0,0,0,0,0,0,0,0,0,0
36005004100,1,1,-1,0,60,0,7,1,17,0,16,317,-12
36005004001,0,2,6,0,0,0,0,0,6,0,0,0,1
36005003900,13,2,3,0,1,9,0,0,178,1,1,0,0
36005003800,0,0,0,0,0,0,-2,44,8,15,0,0,0
36005003700,0,0,0,0,0,0,0,0,0,0,0,0,0
36005003500,0,0,0,0,0,0,0,-3,-2,-3,16,34,-5
36005003300,0,0,0,0,0,0,0,-1,38,0,0,16,-2
36005003100,0,0,0,0,-5,125,-4,136,163,161,0,0,80
36005002800,0,0,0,0,0,0,0,0,0,435,1,0,0
36005002702,0,8,0,0,0,121,0,0,0,0,1,0,0
36005002701,0,0,0,0,0,0,0,0,0,159,0,6,0
36005002500,0,0,1,-2,-3,0,0,0,0,0,22,0,1
36005002400,0,0,0,0,0,0,0,0,0,0,0,0,0
36005002300,0,0,0,0,0,0,0,0,0,0,0,0,0
36005002002,2,0,2,56,0,4,0,0,2,0,0,-2,0
36005002001,0,0,0,0,0,120,86,0,0,0,99,2,0
36005001904,0,0,0,0,0,0,0,0,0,0,0,0,0
36005001903,0,0,0,0,0,0,0,0,0,0,0,0,0
36005001902,0,0,0,0,0,0,0,0,22,0,36,55,0
36005001901,213,221,60,0,4,0,5,5,230,2,22,2,22
36005001600,0,6,0,0,0,0,1,0,0,0,5,0,0
36005000400,119,10,1,-1,-1,46,58,35,0,1,0,5,1
36005000200,21,0,2,0,0,0,0,-2,0,6,0,4,0
36005000100,0,0,0,0,0,0,0,0,0,0,0,0,0
36061031900,0,0,0,0,0,0,0,0,0,0,0,0,0
36061031704,0,-1,0,0,0,0,0,1,0,0,0,0,0
36061031703,190,280,0,0,0,0,0,0,0,0,0,-2,0
36061031100,0,0,0,0,0,0,0,0,0,0,0,0,0
36061030900,0,0,0,1,0,-1,1,0,0,0,0,0,-9
36061030700,0,0,-2,0,0,0,0,0,0,0,0,1,1
36061030300,0,0,0,0,0,0,0,0,0,0,0,0,0
36061029700,0,0,0,0,0,0,0,0,0,0,0,0,0
36061029500,0,22,0,0,28,0,-2,-6,0,0,24,-1,0
36061029300,0,0,0,0,0,0,0,0,0,0,0,0,0
36061029100,0,-2,0,0,0,-4,0,0,2,6,0,0,4
36061028700,0,0,0,0,0,0,0,0,0,0,0,0,59
36061028500,0,0,0,0,0,0,0,0,0,0,0,0,-1
36061028300,-1,0,0,0,0,0,0,0,2,0,0,0,0
36061028100,40,0,0,0,0,0,0,0,0,1,0,0,0
36061027900,1,116,0,1,-6,0,0,1,6,0,0,0,0
36061027700,0,0,0,0,0,0,0,0,0,0,0,0,0
36061027500,0,0,0,0,0,0,0,0,0,1,0,0,0
36061027300,0,0,0,0,0,0,3,0,0,0,0,0,0
36061027100,0,0,0,0,-1,0,0,0,0,0,0,-1,1
36061026900,5,0,4,0,0,17,0,23,0,0,0,0,0
36061026700,0,0,0,0,0,0,0,0,0,0,-24,0,0
36061026500,0,4,0,0,0,0,0,1,5,24,0,0,0
36061026300,0,0,0,0,0,3,-1,0,0,0,0,0,0
36061026100,-1,0,-2,0,0,0,0,0,8,0,0,1,0
36061025900,-13,20,0,0,0,0,14,0,26,0,0,0,0
36061025700,-3,75,6,5,-26,0,1,0,2,5,12,174,-3
36061025500,0,-2,-29,0,0,0,0,0,0,0,0,0,12
36061025300,-3,-1,-1,0,0,8,0,0,0,0,-1,7,0
36061025100,0,0,-4,0,0,44,0,0,0,0,0,-2,0
36061024900,0,0,0,0,49,0,-2,0,37,0,0,0,0
36061024700,0,0,0,0,0,0,0,0,4,0,0,-2,0
36061024500,-1,-3,-2,8,4,1,63,20,58,7,14,0,2
36061024302,0,0,0,0,0,0,0,0,0,0,0,0,0
36061024301,0,0,-1,0,0,0,0,0,1,73,-1,16,0
36061024200,185,49,0,173,140,0,0,0,-3,0,0,404,0
36061024100,-8,0,0,1,0,7,0,0,0,2,0,0,16
36061024000,0,0,0,0,0,0,0,0,0,0,0,0,0
36061023900,0,0,0,0,0,0,0,0,0,0,0,0,-7
36061023804,0,0,0,0,0,266,0,352,0,0,341,0,0
36061023803,0,0,0,0,0,0,0,0,1,0,0,0,0
36061023802,0,0,0,0,0,0,0,0,0,0,0,0,0
36061023700,0,6,0,-1,0,0,0,34,0,0,-1,0,1
36061023600,0,31,0,0,-1,-4,51,0,0,0,103,0,0
36061023502,0,-1,0,0,-67,0,0,-5,0,0,0,0,0
36061023501,21,0,13,2,123,-4,18,-5,2,39,-4,0,0
36061023400,-21,65,-12,-4,0,-6,0,-6,-4,0,0,-5,27
36061023300,0,1,0,1,11,0,47,1,-2,1,0,0,-1
36061023200,-3,9,0,0,0,0,0,1,0,0,0,0,-4
36061023100,0,-16,0,12,7,4,4,-2,0,-6,7,26,-6
36061023000,12,2,-2,1,9,3,25,54,-1,-2,64,-1,0
36061022900,0,80,7,-2,0,0,85,0,-6,7,0,0,0
36061022800,33,0,42,2,6,21,3,1,9,151,-5,-9,2
36061022700,0,1,5,-5,11,3,0,-4,2,-6,3,1,3
36061022600,-20,17,7,1,5,0,126,-7,2,35,93,6,1
36061022500,117,33,2,0,0,2,8,-4,6,0,0,0,2
36061022400,45,78,0,2,27,21,86,2,4,29,0,-18,37
36061022302,0,0,0,0,0,0,0,0,0,0,0,0,0
36061022301,0,0,0,0,0,0,0,23,0,0,-1,0,0
36061022200,291,2,17,2,28,64,8,29,9,-70,3,189,12
36061022102,0,-4,1,1,4,10,4,2,-3,9,0,17,0
36061022000,48,26,-2,17,41,-17,-1,10,-11,0,3,8,2
36061021900,-25,-8,0,0,0,0,0,0,0,-31,0,0,0
36061021800,59,5,2,1,29,21,3,0,-36,3,104,2,-19
36061021703,0,0,0,0,0,0,0,0,0,0,0,0,0
36061021600,30,43,4,0,2,-175,-2,49,7,1,2,37,18
36061021500,7,241,-10,30,1,6,-38,0,0,46,192,0,0
36061021400,0,0,0,0,0,0,0,0,0,0,0,0,0
36061021303,2,0,0,2,12,0,0,25,0,40,8,0,7
36061021200,0,0,0,0,0,-7,0,0,64,0,0,0,0
36061021100,0,0,0,-1,0,0,0,0,0,0,183,4,0
36061021000,0,0,0,0,0,0,0,0,0,0,0,0,0
36061020901,0,0,0,0,0,-26,-10,0,0,23,0,71,0
36061020800,12,1,21,10,-2,41,7,-4,11,46,14,8,16
36061020701,0,0,0,0,0,0,-2,-50,0,0,80,0,0
36061020600,57,-11,113,-2,11,1,1,39,5,24,-3,0,6
36061020500,0,0,0,0,0,0,0,0,0,0,0,0,4
36061020300,0,0,0,0,0,0,0,0,0,0,0,0,0
36061020102,74,4,1,1,14,1,0,15,0,0,-6,0,1
36061020101,-28,0,0,0,0,0,0,0,0,0,0,0,0
36061020000,-5,11,10,3,0,23,34,-11,23,16,140,-1,6
36061019900,0,0,0,1,1,1,0,-2,0,-9,0,1,0
36061019800,-10,0,-24,0,0,-3,0,52,1,0,0,1,1
36061019702,28,3,0,-5,75,19,-5,-20,3,0,1,14,2
36061019701,0,0,0,0,0,0,430,0,0,205,0,0,0
36061019600,50,19,0,0,0,5,0,0,0,215,233,0,0
36061019500,-7,0,0,0,0,7,0,0,-1,0,-1,0,2
36061019400,0,124,0,-9,0,0,19,112,58,0,-3,0,0
36061019300,0,0,1,0,0,0,0,15,-5,0,117,200,2
36061019200,41,12,0,0,0,0,2,7,179,0,0,0,0
36061019100,-8,0,11,0,0,5,1,0,0,-1,0,-2,1
36061019000,1,0,0,0,190,-1,0,1,-5,0,-2,138,7
36061018900,1,0,13,2,0,0,0,-15,1,34,-1,1,0
36061018800,11,1,-2,0,-7,-1,0,17,-1,0,26,90,4
36061018700,0,0,-9,0,0,-1,1,84,0,0,42,0,-7
36061018600,0,0,0,0,0,2,0,0,0,29,0,0,0
36061018500,251,0,0,0,0,0,0,0,0,0,0,0,0
36061018400,109,27,-6,0,0,-17,32,0,0,0,0,0,0
36061018300,-5,9,0,0,15,10,0,-1,0,0,-22,-2,0
36061018200,41,53,29,2,91,0,0,32,0,0,0,-18,-2
36061018100,-4,6,0,1,-1,0,-34,-1,0,-7,-5,-1,2
36061018000,37,45,0,16,95,0,0,25,0,0,1,0,-5
36061017900,-8,-7,295,0,-60,0,-4,0,0,-20,0,0,121
36061017800,0,-2,0,39,21,0,-6,14,-3,13,-1,0,46
36061017700,0,1,-4,-4,0,0,0,-12,0,0,0,0,0
36061017500,1,-9,-13,0,-11,-5,2,0,31,13,0,-11,0
36061017402,0,0,135,0,-1,34,0,-4,0,0,0,0,420
36061017401,111,1,0,0,0,0,0,5,0,0,14,0,0
36061017300,-2,0,-14,-31,-6,-12,-3,-16,-13,-61,-8,-1,-10
36061017200,38,55,24,0,0,5,0,0,16,3,367,0,-11
36061017100,0,0,0,-1,0,-3,-6,-33,-7,-1,-2,0,0
36061017000,16,0,0,0,-1,3,49,6,0,0,0,23,0
36061016900,-4,0,0,-4,-4,-12,-12,-5,-3,6,-3,-3,7
36061016800,0,10,229,0,0,0,0,0,1,0,0,0,0
36061016700,-3,-20,0,-5,-3,-36,-1,4,91,29,-7,0,0
36061016600,0,0,0,51,-4,0,0,5,63,86,0,3,71
36061016500,1,-8,-4,-34,-1,-10,0,-24,-5,-7,-2,-4,-13
36061016400,-1,231,0,0,266,89,0,0,0,-18,0,0,0
36061016300,24,69,-4,181,0,-124,26,24,74,0,0,-17,54
36061016200,0,0,0,0,0,0,0,202,0,0,153,0,0
36061016100,-21,-14,-13,-12,0,-5,-6,-31,-5,-9,0,0,-16
36061016002,0,5,-1,0,0,0,0,0,0,0,0,0,0
36061016001,-6,-7,-1,-7,2,-9,-22,0,0,-2,-2,0,-10
36061015900,194,19,-18,-17,-9,0,1,-4,-4,35,0,12,1
36061015802,298,-10,0,0,11,149,-1,0,0,0,0,0,0
36061015801,3,-9,-6,1,-1,0,-2,-2,-4,-2,-2,0,-1
36061015700,4,0,8,-10,-6,-18,-3,-6,96,-10,10,1,-5
36061015602,0,0,0,0,0,0,0,0,0,0,0,0,0
36061015601,0,1,0,0,-86,0,0,0,104,46,0,0,0
36061015502,0,0,0,0,0,0,0,0,0,0,0,0,0
36061015501,310,0,0,0,0,236,0,0,0,6,0,112,0
36061015403,0,0,0,0,0,0,231,0,0,0,0,0,0
36061015402,103,-2,0,1,0,-32,0,-75,6,24,0,0,6
36061015401,0,0,0,0,0,0,0,-45,1,15,0,1,0
36061015302,0,0,0,0,0,1,0,-13,0,-6,-1,0,-7
36061015301,0,-3,1,-5,-4,-3,1,-11,0,0,0,0,0
36061015200,0,0,0,-5,0,0,0,-1,0,0,0,20,0
36061015102,495,0,105,0,0,273,616,361,0,1131,0,-6,0
36061015101,0,0,0,0,0,0,0,0,0,0,0,0,0
36061015002,-3,0,-1,-5,0,9,-5,0,-25,-6,0,-1,13
36061015001,0,0,0,-10,0,0,0,7,0,11,-8,0,0
36061014900,0,0,0,1,0,0,0,0,-5,0,0,0,0
36061014802,5,0,-2,0,-18,-27,0,0,0,162,0,0,-24
36061014801,0,0,0,0,0,0,0,0,0,1,0,0,0
36061014700,0,5,0,0,0,0,0,0,0,0,0,0,0
36061014602,0,0,0,0,-42,0,-1,80,0,0,-6,0,0
36061014601,0,0,0,0,1,0,0,0,-10,-55,4,0,0
36061014500,0,0,0,0,339,0,258,0,0,172,0,0,0
36061014402,3,-1,0,0,0,0,-34,-2,0,7,0,139,0
36061014401,0,-1,-1,0,0,0,0,-3,0,-18,-2,0,0
36061014300,0,0,0,0,0,0,0,0,0,0,0,0,0
36061014200,0,-1,-9,-2,-3,-8,-14,-1,-12,-12,8,16,-3
36061014000,-3,-2,-2,19,0,-10,14,1,-16,-19,6,-13,55
36061013900,1,0,0,0,-6,0,50,0,0,4,-1,0,0
36061013800,6,1,3,0,2,-88,-10,-5,14,-58,30,42,106
36061013700,0,-4,-1,6,-159,-1,0,188,118,156,72,-1,8
36061013604,0,-1,0,0,0,-1,-38,1,0,0,-1,0,-1
36061013603,0,0,0,0,0,0,0,0,-42,-60,0,0,0
36061013602,0,1,1,0,0,-4,41,-40,0,29,0,0,0
36061013601,0,0,0,0,0,0,0,0,0,0,0,0,0
36061013502,0,0,0,0,0,0,709,65,1028,0,0,77,0
36061013501,0,862,0,96,0,-1,0,392,0,103,0,0,0
36061013400,32,-31,2,26,0,2,0,-6,-23,-63,0,-27,-25
36061013300,188,0,3,109,55,156,-2,30,0,8,60,7,2
36061013203,0,0,0,1,0,0,0,3,0,1,0,0,0
36061013202,0,0,0,0,0,0,0,0,0,0,0,0,0
36061013201,0,-2,0,-32,0,0,61,-2,0,0,10,0,-1
36061013100,0,21,-1,7,0,0,11,0,424,-1,0,0,0
36061013000,0,-7,-2,-17,-6,0,8,-50,4,-2,-8,0,2
36061012902,1,-20,1,66,0,110,0,0,0,-9,0,222,0
36061012901,2,0,0,1238,0,1175,280,18,168,237,0,-5,-6
36061012800,0,-1,-1,-9,0,-10,-2,-6,1,0,0,-2,0
36061012700,12,1,-5,-21,-7,0,20,5,0,0,2,8,13
36061012602,0,1,0,-2,8,0,0,0,0,0,0,0,8
36061012601,3,0,0,0,0,27,0,-1,0,0,0,-1,0
36061012500,0,0,-6,-13,0,0,0,0,0,-2,0,0,0
36061012400,0,0,-41,0,0,0,0,0,-2,0,0,0,4
36061012200,-7,-15,-1,-5,0,1,1,-17,-25,-14,-7,-12,-19
36061012102,0,0,-1,7,1,0,0,7,-1,0,2,0,0
36061012101,12,-1,0,0,0,1,1,0,3,0,0,27,-26
36061012000,0,0,0,21,0,-2,-1,2,-1,-4,0,0,2
36061011900,0,-2,0,-1,0,0,0,-1,0,0,-2,0,0
36061011800,2,3,7,0,-129,0,0,5,-4,0,-35,0,5
36061011700,7,61,-2,0,0,0,598,225,0,0,0,0,590
36061011600,0,0,0,0,0,0,-5,0,0,1,0,0,0
36061011500,0,813,199,8,108,6,0,0,45,-5,-3,0,3
36061011402,0,0,-4,0,0,0,-1,0,-1,0,1,0,0
36061011401,123,-14,0,-55,-92,-1,0,0,40,0,0,1,-1
36061011300,-11,0,0,-2,0,0,0,0,0,0,0,0,0
36061011203,-1,-8,-5,0,0,0,0,0,0,0,0,-6,0
36061011202,0,0,-4,0,0,139,0,0,0,0,0,0,0
36061011201,0,0,0,-142,-14,0,0,0,0,0,0,0,41
36061011100,207,-2,91,2,0,78,0,0,304,-48,0,0,9
36061011000,-2,0,-11,-38,2,22,0,45,-1,7,0,-1,32
36061010900,0,0,0,0,0,0,0,0,0,0,0,0,0
36061010803,-9,0,0,0,0,0,266,0,0,68,0,0,0
36061010802,0,0,0,0,0,0,0,5,0,0,0,0,0
36061010801,0,0,7,0,0,0,0,0,0,0,-5,0,0
36061010602,0,209,-1,0,0,0,0,0,0,0,0,0,0
36061010601,5,0,0,1,0,-19,0,1,0,0,3,0,121
36061010400,0,-1,0,0,173,0,-109,0,0,161,0,0,0
36061010300,0,0,0,0,33,0,0,844,0,11,0,0,0
36061010200,0,0,0,0,-14,0,0,-4,-2,0,0,0,0
36061010100,0,362,-9,0,0,0,375,-4,2,0,0,0,0
36061010000,0,-2,-114,0,0,0,-1,94,0,123,0,-28,363
36061009903,839,-9,-30,-7,0,0,0,-6,392,378,0,0,532
36061009902,548,28,2,710,529,-2,0,586,50,51,0,60,938
36061009901,28,122,0,0,14,76,50,-10,5,-7,202,9,152
36061009800,20,-21,0,0,0,116,131,-7,2,3,3,135,34
36061009700,0,-8,0,3,0,0,0,0,0,-7,0,0,80
36061009600,54,0,-1,-6,0,0,-21,0,0,0,0,-1,0
36061009500,302,-8,4,-3,-13,-3,1,69,8,49,37,0,199
36061009400,0,0,0,0,0,-70,0,0,0,0,0,0,0
36061009300,14,162,-4,0,-5,0,-1,-10,-38,0,0,0,-13
36061009200,0,0,0,-188,0,0,-10,0,0,0,0,0,0
36061009100,-1,3,54,194,-23,48,0,-2,28,1,10,40,-2
36061009000,76,0,-8,1,88,4,-25,-9,-66,0,0,20,0
36061008900,14,0,-7,20,-9,7,-5,0,160,0,-1,7,-2
36061008800,0,0,0,0,0,0,0,373,553,429,0,1,0
36061008700,0,-23,-3,3,41,2,23,0,4,-4,1,0,1
36061008603,0,0,1,0,0,5,-4,68,0,0,0,0,0
36061008602,0,0,0,0,0,0,0,0,0,0,0,0,0
36061008601,0,0,0,0,0,0,761,0,0,0,0,0,0
36061008400,178,-24,0,66,-2,-8,0,133,0,68,0,60,0
36061008300,0,0,1,36,0,0,-2,-1,-2,-3,0,0,0
36061008200,0,0,-8,105,5,-6,1,-32,0,0,0,1,-4
36061008100,5,-2,-1,32,0,-3,0,-33,23,11,15,19,43
36061008000,-118,-2,0,0,125,4,4,0,-7,3,-1,0,0
36061007900,-3,-5,2,5,-9,-1,-11,-1,0,0,-5,0,-2
36061007800,0,3,0,-5,7,80,-16,160,74,-30,0,0,5
36061007700,-5,0,-10,-15,-7,-2,-3,-3,-2,-9,5,-3,-7
36061007600,0,0,1,0,7,0,-4,-13,368,0,0,0,17
36061007500,3,0,-6,0,4,86,0,-90,-3,2,0,0,-1
36061007400,-19,0,-6,167,-35,290,-2,72,70,129,165,199,42
36061007300,-2,-14,-13,-8,-7,-2,-13,5,-4,-7,8,-6,-9
36061007200,-2,3,10,7,-24,-6,0,0,-21,37,0,41,36
36061007100,-8,1,-103,0,0,188,-2,0,-4,-13,0,1,1
36061007002,-1,0,0,1,1,-16,-4,-4,-4,0,-4,0,144
36061007001,130,-1,0,0,0,0,0,0,0,0,0,0,-1
36061006900,1,0,0,1,0,0,0,28,54,35,0,22,5
36061006800,1,62,0,36,82,-12,-10,8,82,0,14,150,11
36061006700,0,-1,-3,-6,0,-3,-1,-3,1,0,-1,-2,0
36061006600,0,0,0,0,0,0,111,0,0,0,0,0,0
36061006500,-1,0,1,-9,-4,-44,4,8,-2,1,-1,0,-19
36061006400,6,98,0,-13,0,-11,45,-4,199,66,0,0,61
36061006300,29,-13,18,-32,-1,1,8,-2,-4,0,2,-9,-20
36061006200,0,0,0,0,0,0,0,0,0,0,0,0,0
36061006100,7,8,-5,0,10,5,251,0,5,52,0,0,0
36061006000,0,0,0,0,0,0,0,0,0,0,0,0,0
36061005900,0,-14,-12,0,0,0,0,1,-5,-2,0,-39,0
36061005800,7,7,0,0,0,127,289,53,0,0,0,0,45
36061005700,140,0,0,-1,0,1,0,1,0,0,0,0,0
36061005600,0,0,0,50,325,0,0,83,0,0,0,0,0
36061005502,-2,7,2,2,3,35,8,-86,16,-3,61,0,0
36061005501,0,0,0,-7,0,0,0,-3,0,0,0,0,160
36061005400,15,2,5,1,5,55,14,58,0,-6,0,-2,56
36061005200,2,-24,2,0,4,6,-1,0,2,0,0,1,3
36061005000,-5,0,1,14,0,0,-8,1,0,1,-1,-4,0
36061004900,2,14,-3,-7,0,-6,33,-6,16,1,2,-1,-12
36061004800,1,1,0,-4,0,0,6,-3,-24,-1,-21,0,0
36061004700,42,5,4,10,0,11,52,7,16,-2,4,34,0
36061004500,11,0,0,4,0,0,0,10,0,0,1,0,12
36061004400,0,0,0,0,0,11,5,0,0,0,0,0,0
36061004300,9,-2,1,34,6,4,-6,15,1,5,-1,7,0
36061004200,1,0,-52,2,85,0,-1,-93,1,10,0,0,0
36061004100,11,0,12,-5,-2,9,10,28,26,60,0,29,18
36061004002,51,3,-7,2,83,6,-4,-3,1,30,-1,0,0
36061004001,39,0,-1,0,0,27,3,0,-121,0,0,0,0
36061003900,24,33,2,110,-9,52,175,4,55,50,5,-5,4
36061003800,16,-2,1,2,-9,40,0,-9,3,2,5,17,1
36061003700,-3,-8,21,-3,-5,-30,137,199,0,166,267,231,62
36061003602,4,-9,0,65,4,16,0,6,3,30,0,0,0
36061003601,1,4,0,0,0,0,4,22,0,1,0,0,14
36061003400,11,-2,16,-1,57,-3,11,185,54,113,0,4,-1
36061003300,25,22,41,109,-3,21,214,32,3,126,17,-14,9
36061003200,2,8,10,87,-3,4,30,0,1,0,0,0,0
36061003100,0,0,6,0,33,0,0,0,14,258,0,0,3
36061003002,0,0,3,0,0,-2,0,1,1,-2,0,0,22
36061003001,0,5,-9,6,5,0,5,4,90,253,0,0,0
36061002902,-1,0,0,0,0,0,0,-1,0,0,0,0,-4
36061002901,0,0,0,0,0,0,0,0,0,0,0,0,0
36061002800,38,58,3,0,1,0,40,-12,0,-5,-2,0,2
36061002700,2,0,0,0,0,0,0,0,0,0,0,0,0
36061002602,-2,0,78,0,51,0,30,7,110,8,0,0,5
36061002601,0,17,14,0,0,3,53,2,-4,-1,0,0,-2
36061002500,0,0,0,0,0,0,0,0,0,0,0,0,0
36061002400,0,0,0,0,0,0,0,0,0,0,0,0,0
36061002202,5,10,-4,0,170,0,0,0,0,0,7,45,55
36061002201,303,0,0,2,0,0,78,102,0,0,2,6,0
36061002100,-10,85,-2,19,0,7,507,26,197,14,45,0,6
36061002000,0,0,0,0,0,0,0,0,0,0,0,0,0
36061001800,58,25,-8,-2,1,4,29,3,245,-17,37,89,13
36061001600,32,8,2,4,0,0,8,93,8,-22,6,-51,13
36061001502,0,281,416,14,-16,-11,-122,563,619,-9,241,-1,0
36061001501,3,898,40,168,5,4,180,0,8,5,130,30,0
36061001402,2,0,0,0,0,-40,12,349,0,44,263,89,117
36061001401,0,0,0,0,0,0,0,0,0,0,0,0,0
36061001300,223,0,0,-4,0,0,186,0,-5,-13,56,299,1
36061001200,0,0,0,14,0,0,0,0,0,0,0,-16,144
36061001002,0,0,0,0,0,0,0,0,0,0,0,0,0
36061001001,0,0,0,0,0,0,0,0,0,0,0,0,0
36061000900,1,0,0,0,-21,0,-37,0,0,0,0,0,0
36061000800,28,-4,-2,3,-23,1,1,0,0,3,0,0,0
36061000700,4,0,0,0,0,776,71,51,275,0,0,566,0
36061000600,0,0,23,0,0,0,-9,0,1040,1,-2,-2,0
36061000500,0,0,0,0,0,0,0,0,0,0,-112,-33,4
36061000202,0,0,0,0,0,0,0,0,0,0,0,0,0
36061000201,0,0,3,0,0,0,0,0,0,-2,0,0,0
36061000100,0,0,0,0,0,0,0,0,0,0,0,0,0
